question,category,label
عايز اعرف ازاي رسوم شهادة الوفاة كام؟,Civil Affairs,0
ممكن حد يفهمني اغير حالتي الاجتماعية من اعزب لمتجوز في الاوراق؟,Personal Status,1
عايز اعرف ازاي اسجل في ضريبة القيمة المضافة؟,Taxes,2
انا تايه، عايز اعرف استخرج قسيمة الطلاق؟,Personal Status,1
ممكن حد يفهمني اعدل بيانات في رخصة المركبة؟,Traffic,3
لو سمحت عايز اعرف الاقرار الضريبي بيتقدم ازاي اونلاين؟,Taxes,2
لو سمحت عايز اعرف اعدل بيانات تسجيل المركبة؟,Traffic,3
انا محتاج اعدل بيانات التسجيل الضريبي؟,Taxes,2
ممكن تقولي ازاي غرامة تأخير الاقرار الضريبي كام؟,Taxes,2
عايز اعرف ازاي قسيمة الزواج بتاخد قد ايه؟,Personal Status,1
ينفع شهادة الميلاد المميكنة فرق ايه عن العادية؟,Civil Affairs,0
ممكن حد يفهمني احول رخصة قيادة اجنبية لمصرية؟,Traffic,3
انا محتاج المستندات المطلوبة لتجديد الرخصة؟,Traffic,3
عايز اعرف رخصة الموتوسيكل بتتجدد ازاي؟,Traffic,3
انا محتاج رسوم استخراج بطاقة الرقم القومي كام؟,Civil Affairs,0
عايز اعرف ادفع مخالفة المرور اونلاين؟,Traffic,3
عايز اعرف اعمل ايه لو فاتت مدة تسجيل المولود؟,Civil Affairs,0
ممكن تقولي ازاي التسجيل الضريبي بياخد وقت قد ايه؟,Taxes,2
فين اروح علشان ضريبة الدخل على العمل الحر بتتحصل ازاي؟,Taxes,2
عايز اعرف القيد الفردي بيتطلب مدة قد ايه؟,Civil Affairs,0
عايز اعرف اسجل عربية جديدة في المرور؟,Traffic,3
لو سمحت عايز اعرف افرق القيد الفردي عن العائلي في ايه؟,Civil Affairs,0
عايز اعرف قسيمة الزواج بتاخد قد ايه؟,Personal Status,1
عايز اعرف ازاي مواعيد تقديم الاقرار الضريبي امتى؟,Taxes,2
ممكن حد يفهمني استخرج قسيمة الطلاق؟,Personal Status,1
انا محتاج اعدل اقرار القيمة المضافة بعد التقديم؟,Taxes,2
انا محتاج استخرج شهادة وفاة لأبويا؟,Civil Affairs,0
عايز اعرف اجدد الرخصة من غير كشف طبي ينفع؟,Traffic,3
عايز اعرف اعفاءات ضريبة الدخل ايه هي؟,Taxes,2
عايز اعرف اثبت حالتي الاجتماعية لجهة عمل؟,Personal Status,1
عايز اعرف ازاي احول رخصة قيادة اجنبية لمصرية؟,Traffic,3
فين اروح علشان قسيمة الزواج بتاخد قد ايه؟,Personal Status,1
هعمل ايه علشان الفرق بين الطلاق والخلع ايه؟,Personal Status,1
لو سمحت عايز اعرف اعرف اقرب مكتب سجل مدني لعمل البطاقة؟,Civil Affairs,0
عايز اعرف ازاي رسوم رخصة القيادة كام؟,Traffic,3
لو سمحت عايز اعرف افسخ تسجيل عربية قديمة؟,Traffic,3
عايز اعرف استخرج قيد فردي؟,Civil Affairs,0
فين اروح علشان اعقد عقد جواز جديد؟,Personal Status,1
هعمل ايه علشان اعدل بيانات غلط في قسيمة الزواج؟,Personal Status,1
ممكن حد يفهمني خطوات تجديد الرخصة اونلاين ايه؟,Traffic,3
فين اروح علشان اوثق اشهاد طلاق اونلاين؟,Personal Status,1
عايز اعرف رسوم استخراج بطاقة الرقم القومي كام؟,Civil Affairs,0
انا تايه، عايز اعرف اعدل بيانات خطأ في شهادة الوفاة؟,Civil Affairs,0
ممكن تقولي ازاي اوثق اشهاد طلاق اونلاين؟,Personal Status,1
لو سمحت عايز اعرف احذف اسم من القيد العائلي؟,Civil Affairs,0
فين اروح علشان المستندات المطلوبة لتغيير الحالة الاجتماعية؟,Personal Status,1
انا تايه، عايز اعرف قسيمة الزواج محتاجها علشان استخرج ايه بعد كده؟,Personal Status,1
انا تايه، عايز اعرف استخرج قسيمة زواج اونلاين؟,Personal Status,1
هعمل ايه علشان مدة استخراج البطاقة القومي بتاخد قد ايه؟,Civil Affairs,0
ينفع استعلم عن مخالفات المرور بتاعتي؟,Traffic,3
انا تايه، عايز اعرف اعدل بيانات في القيد الفردي؟,Civil Affairs,0
انا تايه، عايز اعرف مدة سقوط مخالفة المرور كام؟,Traffic,3
لو سمحت عايز اعرف اجدد رخصة السيارة اونلاين؟,Traffic,3
هعمل ايه علشان رسوم توثيق عقد الجواز كام؟,Personal Status,1
عايز اعرف رسوم القيد الفردي كام؟,Civil Affairs,0
انا تايه، عايز اعرف المستندات المطلوبة لقسيمة الزواج؟,Personal Status,1
هعمل ايه علشان اترجم قسيمة الزواج رسمي؟,Personal Status,1
هعمل ايه علشان شهادة الميلاد المميكنة فرق ايه عن العادية؟,Civil Affairs,0
انا تايه، عايز اعرف استخرج البطاقة الضريبية اونلاين؟,Taxes,2
ممكن تقولي ازاي المستندات المطلوبة للبطاقة الضريبية؟,Taxes,2
ممكن حد يفهمني اعدل بيانات غلط في قسيمة الطلاق؟,Personal Status,1
فين اروح علشان اسجل ضريبيا اونلاين؟,Taxes,2
ينفع رخصة السيارة بتاخد قد ايه؟,Traffic,3
انا تايه، عايز اعرف اعمل ايه لو فاتني ميعاد تقديم الاقرار الضريبي؟,Taxes,2
لو سمحت عايز اعرف استخرج القيد العائلي اونلاين؟,Civil Affairs,0
عايز اعرف اعرف اقرب مكتب سجل مدني لعمل البطاقة؟,Civil Affairs,0
هعمل ايه علشان اطلع شهادة ميلاد لشخص متوفي؟,Civil Affairs,0
ممكن حد يفهمني رخصة الموتوسيكل بتتجدد ازاي؟,Traffic,3
ممكن حد يفهمني انقل ملكية موتوسيكل ازاي؟,Traffic,3
انا تايه، عايز اعرف ضريبة الدخل بتتحسب ازاي للمهن الحرة؟,Taxes,2
لو سمحت عايز اعرف اجدد رخصة القيادة بعد ما خلصت؟,Traffic,3
هعمل ايه علشان الفاتورة الالكترونية علاقتها بالقيمة المضافة ايه؟,Taxes,2
لو سمحت عايز اعرف رخصة السيارة بتاخد قد ايه؟,Traffic,3
ممكن حد يفهمني الاقرار الضريبي للشركات فرق ايه عن الافراد؟,Taxes,2
انا تايه، عايز اعرف مخالفات المرور بتتحسب ازاي؟,Traffic,3
ممكن تقولي ازاي اسجل حالة طلاق في المأذون؟,Personal Status,1
فين اروح علشان اعترض على ربط ضريبة الدخل؟,Taxes,2
عايز اعرف المستندات المطلوبة لعقد الزواج؟,Personal Status,1
عايز اعرف ازاي المستندات المطلوبة لعمل بطاقة رقم قومي؟,Civil Affairs,0
ينفع خطوات تجديد الرخصة اونلاين ايه؟,Traffic,3
ممكن حد يفهمني مخالفات المرور بتتحسب ازاي؟,Traffic,3
فين اروح علشان اغير حالتي الاجتماعية من اعزب لمتجوز في الاوراق؟,Personal Status,1
هعمل ايه علشان اطلع بدل فاقد للبطاقة الضريبية؟,Taxes,2
فين اروح علشان المستندات المطلوبة لاستخراج شهادة الوفاة؟,Civil Affairs,0
ينفع مدة سقوط مخالفة المرور كام؟,Traffic,3
عايز اعرف ازاي اجدد البطاقة الضريبية بعد ما خلصت؟,Taxes,2
فين اروح علشان اعدل الحالة الاجتماعية بعد الطلاق؟,Personal Status,1
هعمل ايه علشان ضريبة الدخل بتتحسب ازاي للمهن الحرة؟,Taxes,2
عايز اعرف اجدد رخصة القيادة بعد ما خلصت؟,Traffic,3
لو سمحت عايز اعرف اعدل الحالة الاجتماعية بعد وفاة الزوج؟,Personal Status,1
انا محتاج استخرج شهادة ميلاد لابني؟,Civil Affairs,0
انا تايه، عايز اعرف رسوم استخراج شهادة الميلاد كام؟,Civil Affairs,0
ممكن تقولي ازاي اجدد البطاقة الضريبية بعد ما خلصت؟,Taxes,2
هعمل ايه علشان افرق بين ضريبة الدخل والضريبة على الارباح؟,Taxes,2
عايز اعرف المستندات المطلوبة للتسجيل في القيمة المضافة؟,Taxes,2
لو سمحت عايز اعرف اطلع نسخة من اقرار ضريبي قديم؟,Taxes,2
ممكن حد يفهمني اجدد رخصة العربية اونلاين؟,Traffic,3
ممكن تقولي ازاي اطلع افادة طلاق رسمية؟,Personal Status,1
انا تايه، عايز اعرف ابدل بطاقة الرقم القومي بعد ما اتفقدت؟,Civil Affairs,0
ممكن حد يفهمني اطلع قسيمة طلاق قديمة من الارشيف؟,Personal Status,1
هعمل ايه علشان اعدل بيانات تسجيل المركبة؟,Traffic,3
ممكن تقولي ازاي اطلع افادة بالحالة الاجتماعية؟,Personal Status,1
انا محتاج البطاقة الضريبية بتاخد قد ايه؟,Taxes,2
فين اروح علشان احذف اسم من القيد العائلي؟,Civil Affairs,0
ينفع اترجم قسيمة الزواج رسمي؟,Personal Status,1
فين اروح علشان البطاقة الضريبية بتاخد قد ايه؟,Taxes,2
فين اروح علشان المستندات المطلوبة لتسوية ضريبة الدخل؟,Taxes,2
هعمل ايه علشان اعمل ايه علشان اقيد وفاة حصلت برا البلد؟,Civil Affairs,0
فين اروح علشان القيد الفردي بيتطلب مدة قد ايه؟,Civil Affairs,0
فين اروح علشان اتجوز واحدة اجنبية اعمل ايه في الاوراق؟,Personal Status,1
ممكن حد يفهمني اعترض على ربط ضريبة الدخل؟,Taxes,2
عايز اعرف تحديث الحالة الاجتماعية بياخد قد ايه؟,Personal Status,1
انا تايه، عايز اعرف اجدد رخصة القيادة قبل ما تخلص؟,Traffic,3
لو سمحت عايز اعرف اطلع بدل فاقد للقيد العائلي؟,Civil Affairs,0
عايز اعرف ازاي اعترض على ربط ضريبة الدخل؟,Taxes,2
فين اروح علشان اعمل ايه لو فاتني ميعاد تقديم الاقرار الضريبي؟,Taxes,2
انا تايه، عايز اعرف اعدل بيانات في رخصة القيادة؟,Traffic,3
انا تايه، عايز اعرف اقدم طلب طلاق للمحكمة ازاي؟,Personal Status,1
انا تايه، عايز اعرف اسجل شركتي الجديدة ضريبيا؟,Taxes,2
فين اروح علشان اعترض على مخالفة مرور غلط؟,Traffic,3
هعمل ايه علشان اسجل حالة وفاة في الشئون المدنية؟,Civil Affairs,0
انا تايه، عايز اعرف المستندات المطلوبة للتسجيل في القيمة المضافة؟,Taxes,2
هعمل ايه علشان استخرج قسيمة طلاق اونلاين؟,Personal Status,1
ينفع رسوم القيد الفردي كام؟,Civil Affairs,0
انا محتاج الاقرار الضريبي للشركات فرق ايه عن الافراد؟,Taxes,2
ممكن تقولي ازاي الاقرار الضريبي للشركات فرق ايه عن الافراد؟,Taxes,2
عايز اعرف اطلع افادة طلاق رسمية؟,Personal Status,1
ممكن تقولي ازاي اعمل ايه لو فاتني ميعاد تقديم الاقرار الضريبي؟,Taxes,2
لو سمحت عايز اعرف المخالفة هتأثر على تجديد الرخصة ولا لأ؟,Traffic,3
ممكن تقولي ازاي التسجيل الضريبي فرق ايه عن البطاقة الضريبية؟,Taxes,2
هعمل ايه علشان استخرج قسيمة الطلاق؟,Personal Status,1
انا محتاج افرق قيدي عن قيد اهلي؟,Civil Affairs,0
عايز اعرف ازاي التسجيل الضريبي فرق ايه عن البطاقة الضريبية؟,Taxes,2
فين اروح علشان اعدل الاقرار الضريبي بعد التقديم؟,Taxes,2
انا تايه، عايز اعرف اسجل عربية جديدة في المرور؟,Traffic,3
لو سمحت عايز اعرف اعترض على ربط ضريبة الدخل؟,Taxes,2
هعمل ايه علشان المستندات المطلوبة للتسجيل الضريبي؟,Taxes,2
ينفع استخرج شهادة وفاة اونلاين؟,Civil Affairs,0
فين اروح علشان خطوات تجديد الرخصة اونلاين ايه؟,Traffic,3
لو سمحت عايز اعرف محتاج القيد الفردي علشان اقدم عليه فين؟,Civil Affairs,0
انا تايه، عايز اعرف اقسط غرامة مخالفات المرور؟,Traffic,3
ممكن تقولي ازاي اطلع بدل فاقد لرخصة القيادة؟,Traffic,3
ممكن تقولي ازاي المستندات المطلوبة للقيد الفردي؟,Civil Affairs,0
هعمل ايه علشان شروط اتمام عقد الزواج للمصريين في الخارج؟,Personal Status,1
عايز اعرف شهادة الوفاة لازمة لايه بعد كده؟,Civil Affairs,0
انا محتاج اطلع شهادة ميلاد كمبيوتر بدل الاول؟,Civil Affairs,0
فين اروح علشان اطلع قسيمة الزواج من مأذون تاني محافظة؟,Personal Status,1
هعمل ايه علشان اضيف مولود على القيد العائلي؟,Civil Affairs,0
لو سمحت عايز اعرف الفاتورة الالكترونية علاقتها بالقيمة المضافة ايه؟,Taxes,2
ممكن حد يفهمني المستندات المطلوبة للتسجيل الضريبي؟,Taxes,2
ممكن تقولي ازاي اعدل بيانات تسجيل المركبة؟,Traffic,3
هعمل ايه علشان احول رخصة قيادة اجنبية لمصرية؟,Traffic,3
ممكن تقولي ازاي اعدل بيانات في رخصة القيادة؟,Traffic,3
ينفع الفرق بين الطلاق والخلع ايه؟,Personal Status,1
عايز اعرف ازاي اسجل حالة وفاة في الشئون المدنية؟,Civil Affairs,0
هعمل ايه علشان اطلع قيد فردي لابني الصغير؟,Civil Affairs,0
ممكن حد يفهمني اجدد رخصة العربية بعد الانتهاء؟,Traffic,3
فين اروح علشان احسب ضريبة الدخل على مرتبي؟,Taxes,2
فين اروح علشان المستندات المطلوبة لاستخراج القيد العائلي؟,Civil Affairs,0
ممكن حد يفهمني غرامة تأخير تجديد الرخصة كام؟,Traffic,3
ممكن تقولي ازاي اطلع بدل فاقد للبطاقة الضريبية؟,Taxes,2
عايز اعرف ازاي اعدل بيانات تسجيل المركبة؟,Traffic,3
ممكن حد يفهمني رسوم القيد الفردي كام؟,Civil Affairs,0
فين اروح علشان انقل ملكية موتوسيكل ازاي؟,Traffic,3
هعمل ايه علشان الحالة الاجتماعية في القيد مش مطابقة اعمل ايه؟,Personal Status,1
ممكن تقولي ازاي اجدد رخصة السيارة اونلاين؟,Traffic,3
لو سمحت عايز اعرف اعدل بيانات في رخصة القيادة؟,Traffic,3
لو سمحت عايز اعرف الاقرار الضريبي للشركات فرق ايه عن الافراد؟,Taxes,2
انا محتاج اثبت حالتي الاجتماعية لجهة عمل؟,Personal Status,1
عايز اعرف اعدل بيانات في رخصة المركبة؟,Traffic,3
فين اروح علشان رسوم استخراج شهادة الميلاد كام؟,Civil Affairs,0
انا محتاج اجدد بطاقة الرقم القومي بتاعتي؟,Civil Affairs,0
انا محتاج استخرج البطاقة الضريبية اونلاين؟,Taxes,2
انا محتاج نسبة ضريبة القيمة المضافة كام؟,Taxes,2
انا محتاج رخصة الموتوسيكل بتتجدد ازاي؟,Traffic,3
فين اروح علشان رخصة السيارة بتاخد قد ايه؟,Traffic,3
انا تايه، عايز اعرف اطلع بدل فاقد للقيد العائلي؟,Civil Affairs,0
فين اروح علشان استخرج رخصة سيارتي الجديدة؟,Traffic,3
انا محتاج استخرج قيد فردي اونلاين؟,Civil Affairs,0
فين اروح علشان اترجم قسيمة الزواج رسمي؟,Personal Status,1
عايز اعرف رخصة القيادة بتاخد وقت قد ايه؟,Traffic,3
انا محتاج اطلع نسخة من اقرار ضريبي قديم؟,Taxes,2
هعمل ايه علشان رسوم التسجيل الضريبي كام؟,Taxes,2
هعمل ايه علشان رسوم استخراج بطاقة الرقم القومي كام؟,Civil Affairs,0
عايز اعرف مخالفات المرور بتتحسب ازاي؟,Traffic,3
ينفع اسجل عربية جديدة في المرور؟,Traffic,3
ينفع الحالة الاجتماعية في البطاقة بتتغير ازاي؟,Personal Status,1
فين اروح علشان مخالفات المرور بتتحسب ازاي؟,Traffic,3
فين اروح علشان اعدل اقرار القيمة المضافة بعد التقديم؟,Taxes,2
ينفع اغير حالتي الاجتماعية من اعزب لمتجوز في الاوراق؟,Personal Status,1
هعمل ايه علشان اسجل ضريبيا اونلاين؟,Taxes,2
ممكن حد يفهمني اضيف مولود على القيد العائلي؟,Civil Affairs,0
فين اروح علشان استخرج بطاقة الرقم القومي لأول مرة؟,Civil Affairs,0
هعمل ايه علشان اطلع نسخة من اقرار ضريبي قديم؟,Taxes,2
انا محتاج اعقد عقد جواز جديد؟,Personal Status,1
انا تايه، عايز اعرف المستندات المطلوبة لتسوية ضريبة الدخل؟,Taxes,2
عايز اعرف ازاي اسجل نفسي في مصلحة الضرائب؟,Taxes,2
انا تايه، عايز اعرف المستندات المطلوبة لرخصة المركبة؟,Traffic,3
لو سمحت عايز اعرف اعدل بيانات في البطاقة الضريبية؟,Taxes,2
عايز اعرف اعترض على مخالفة مرور غلط؟,Traffic,3
هعمل ايه علشان القيد العائلي بياخد وقت قد ايه؟,Civil Affairs,0
انا تايه، عايز اعرف اقدم الاقرار الضريبي السنوي؟,Taxes,2
عايز اعرف استخرج شهادة ميلاد لابني؟,Civil Affairs,0
ممكن حد يفهمني اعقد عقد جواز جديد؟,Personal Status,1
ممكن حد يفهمني اعدل بيانات في البطاقة الضريبية؟,Taxes,2
انا محتاج المستندات المطلوبة لرخصة المركبة؟,Traffic,3
ممكن تقولي ازاي اترجم قسيمة الزواج رسمي؟,Personal Status,1
لو سمحت عايز اعرف شهادة الوفاة بتتعمل فين بالظبط؟,Civil Affairs,0
عايز اعرف ازاي استخرج قسيمة طلاق اونلاين؟,Personal Status,1
فين اروح علشان رخصة القيادة بتاخد وقت قد ايه؟,Traffic,3
عايز اعرف ازاي اعرف تفاصيل مخالفة برقم اللوحة؟,Traffic,3
لو سمحت عايز اعرف قسيمة الطلاق بتاخد وقت قد ايه؟,Personal Status,1
عايز اعرف اجدد رخصة العربية اونلاين؟,Traffic,3
انا تايه، عايز اعرف فين اروح علشان اجدد الرخصة بسرعة؟,Traffic,3
عايز اعرف ازاي اطلع بدل فاقد لقسيمة الطلاق؟,Personal Status,1
لو سمحت عايز اعرف استخرج قيد فردي اونلاين؟,Civil Affairs,0
انا محتاج اجدد الرخصة لمركبة نقل؟,Traffic,3
انا تايه، عايز اعرف رسوم رخصة القيادة كام؟,Traffic,3
انا تايه، عايز اعرف رخصة الموتوسيكل بتتجدد ازاي؟,Traffic,3
انا تايه، عايز اعرف انقل ملكية موتوسيكل ازاي؟,Traffic,3
ممكن حد يفهمني الكشف الطبي لرخصة القيادة بيتعمل فين؟,Traffic,3
لو سمحت عايز اعرف اعمل ايه علشان اقيد وفاة حصلت برا البلد؟,Civil Affairs,0
ممكن حد يفهمني تحديث الحالة الاجتماعية بياخد قد ايه؟,Personal Status,1
ممكن حد يفهمني القيد العائلي بياخد وقت قد ايه؟,Civil Affairs,0
عايز اعرف ازاي نسبة ضريبة القيمة المضافة كام؟,Taxes,2
ممكن حد يفهمني اقسط غرامة مخالفات المرور؟,Traffic,3
ممكن حد يفهمني اطلع بطاقة ضريبية لمنشأة جديدة؟,Taxes,2
ممكن حد يفهمني اسجل شركتي الجديدة ضريبيا؟,Taxes,2
ينفع المستندات المطلوبة للاقرار الضريبي؟,Taxes,2
انا تايه، عايز اعرف رسوم القيد الفردي كام؟,Civil Affairs,0
عايز اعرف محتاج القيد الفردي علشان اقدم عليه فين؟,Civil Affairs,0
انا تايه، عايز اعرف اقدم على رخصة القيادة اونلاين؟,Traffic,3
فين اروح علشان اسجل حالة طلاق في المأذون؟,Personal Status,1
ينفع رسوم استخراج شهادة الميلاد كام؟,Civil Affairs,0
ممكن حد يفهمني اعمل ايه لو فاتت مدة تسجيل المولود؟,Civil Affairs,0
ممكن حد يفهمني اجدد الرخصة من غير كشف طبي ينفع؟,Traffic,3
فين اروح علشان رسوم رخصة السيارة كام؟,Traffic,3
ينفع المستندات المطلوبة للتسجيل في القيمة المضافة؟,Taxes,2
انا محتاج شهادة الوفاة بتتعمل فين بالظبط؟,Civil Affairs,0
لو سمحت عايز اعرف استخرج قسيمة الزواج؟,Personal Status,1
فين اروح علشان استخرج شهادة وفاة لأبويا؟,Civil Affairs,0
فين اروح علشان المستندات المطلوبة للطلاق؟,Personal Status,1
هعمل ايه علشان القيد الفردي بيتطلب مدة قد ايه؟,Civil Affairs,0
انا تايه، عايز اعرف اعدل بيانات غلط في قسيمة الزواج؟,Personal Status,1
انا محتاج اجدد رخصة القيادة قبل ما تخلص؟,Traffic,3
انا تايه، عايز اعرف اقدم اقرار ضريبي صفري؟,Taxes,2
فين اروح علشان شهادة الوفاة بتتعمل فين بالظبط؟,Civil Affairs,0
فين اروح علشان القيد العائلي بياخد وقت قد ايه؟,Civil Affairs,0
عايز اعرف ازاي اترجم قسيمة الزواج رسمي؟,Personal Status,1
ينفع اجدد رخصة عربية متأخرة من سنين؟,Traffic,3
عايز اعرف اعفاءات ضريبة القيمة المضافة على السلع؟,Taxes,2
لو سمحت عايز اعرف البطاقة الضريبية بتاخد قد ايه؟,Taxes,2
انا تايه، عايز اعرف مواعيد تقديم الاقرار الضريبي امتى؟,Taxes,2
عايز اعرف ازاي رسوم توثيق عقد الجواز كام؟,Personal Status,1
ينفع الاقرار الضريبي بيتقدم ازاي اونلاين؟,Taxes,2
فين اروح علشان فين اروح علشان اجدد الرخصة بسرعة؟,Traffic,3
ممكن تقولي ازاي اسجل المركبة اونلاين؟,Traffic,3
ممكن تقولي ازاي اسجل في ضريبة القيمة المضافة؟,Taxes,2
هعمل ايه علشان اقدم طلب طلاق للمحكمة ازاي؟,Personal Status,1
ممكن تقولي ازاي اعدل بيانات في رخصة المركبة؟,Traffic,3
ينفع استخرج قيد فردي؟,Civil Affairs,0
ينفع رسوم رخصة القيادة كام؟,Traffic,3
ينفع اعدل بيانات في القيد الفردي؟,Civil Affairs,0
فين اروح علشان استخرج شهادة وفاة اونلاين؟,Civil Affairs,0
فين اروح علشان انقل ملكية عربية لشخص تاني؟,Traffic,3
لو سمحت عايز اعرف انقل ملكية عربية لشخص تاني؟,Traffic,3
عايز اعرف ازاي رسوم البطاقة الضريبية كام؟,Taxes,2
ينفع اطلق مراتي رسمي ازاي؟,Personal Status,1
لو سمحت عايز اعرف رسوم رخصة السيارة كام؟,Traffic,3
ممكن تقولي ازاي اضيف مولود على القيد العائلي؟,Civil Affairs,0
فين اروح علشان اعدل بيانات تسجيل المركبة؟,Traffic,3
فين اروح علشان اوثق عقد جواز اونلاين؟,Personal Status,1
عايز اعرف ازاي اسجل مركبة مستوردة جديدة؟,Traffic,3
انا محتاج اعدل بيانات غلط في القيد العائلي؟,Civil Affairs,0
ممكن تقولي ازاي اجدد رخصة عربية متأخرة من سنين؟,Traffic,3
عايز اعرف خطوات تجديد الرخصة اونلاين ايه؟,Traffic,3
لو سمحت عايز اعرف القيد الفردي بيتطلب مدة قد ايه؟,Civil Affairs,0
ينفع رسوم القيد العائلي كام؟,Civil Affairs,0
انا محتاج المستندات المطلوبة لتسوية ضريبة الدخل؟,Taxes,2
ممكن تقولي ازاي استخرج البطاقة الضريبية اونلاين؟,Taxes,2
فين اروح علشان رسوم البطاقة الضريبية كام؟,Taxes,2
فين اروح علشان رسوم قسيمة الطلاق كام؟,Personal Status,1
ينفع اعمل ايه لو فاتت مدة تسجيل المولود؟,Civil Affairs,0
ممكن تقولي ازاي استخرج شهادة وفاة اونلاين؟,Civil Affairs,0
فين اروح علشان استخرج شهادة ميلاد لابني؟,Civil Affairs,0
انا محتاج رسوم رخصة السيارة كام؟,Traffic,3
هعمل ايه علشان عقد الجواز بياخد وقت قد ايه؟,Personal Status,1
انا تايه، عايز اعرف استخرج بطاقة الرقم القومي لأول مرة؟,Civil Affairs,0
هعمل ايه علشان اعرف اقرب مكتب سجل مدني لعمل البطاقة؟,Civil Affairs,0
انا تايه، عايز اعرف استخرج قيد فردي اونلاين؟,Civil Affairs,0
انا تايه، عايز اعرف رسوم قسيمة الطلاق كام؟,Personal Status,1
انا تايه، عايز اعرف استرد ضريبة دخل مخصومة زيادة؟,Taxes,2
لو سمحت عايز اعرف رسوم توثيق الطلاق كام؟,Personal Status,1
انا محتاج احول رخصة قيادة اجنبية لمصرية؟,Traffic,3
هعمل ايه علشان اطلع افادة بالحالة الاجتماعية؟,Personal Status,1
ممكن تقولي ازاي احسب ضريبة الدخل على مرتبي؟,Taxes,2
ينفع اجدد بطاقة الرقم القومي بتاعتي؟,Civil Affairs,0
لو سمحت عايز اعرف اعدل بيانات غلط في قسيمة الطلاق؟,Personal Status,1
ينفع استخرج قسيمة طلاق اونلاين؟,Personal Status,1
انا محتاج المستندات المطلوبة للتسجيل في القيمة المضافة؟,Taxes,2
انا محتاج اعمل ايه لو فاتت مدة تسجيل المولود؟,Civil Affairs,0
انا محتاج رسوم البطاقة الضريبية كام؟,Taxes,2
ممكن تقولي ازاي قسيمة الزواج بتاخد قد ايه؟,Personal Status,1
ممكن حد يفهمني استخرج شهادة وفاة اونلاين؟,Civil Affairs,0
انا محتاج شهادة الميلاد المميكنة فرق ايه عن العادية؟,Civil Affairs,0
فين اروح علشان استرد ضريبة دخل مخصومة زيادة؟,Taxes,2
ممكن حد يفهمني مدة استخراج البطاقة القومي بتاخد قد ايه؟,Civil Affairs,0
ممكن حد يفهمني رسوم توثيق عقد الجواز كام؟,Personal Status,1
فين اروح علشان نسبة ضريبة القيمة المضافة كام؟,Taxes,2
فين اروح علشان اعرف تفاصيل مخالفة برقم اللوحة؟,Traffic,3
ينفع اقدم اقرار القيمة المضافة الشهري؟,Taxes,2
ممكن تقولي ازاي شهادة الميلاد المميكنة فرق ايه عن العادية؟,Civil Affairs,0
لو سمحت عايز اعرف رسوم قسيمة الزواج كام؟,Personal Status,1
فين اروح علشان رسوم استخراج بطاقة الرقم القومي كام؟,Civil Affairs,0
ممكن تقولي ازاي البطاقة الضريبية بتاخد قد ايه؟,Taxes,2
انا تايه، عايز اعرف ضريبة الدخل على العمل الحر بتتحصل ازاي؟,Taxes,2
ممكن تقولي ازاي القيمة المضافة بتتحصل على ايه بالظبط؟,Taxes,2
ينفع المستندات المطلوبة لقسيمة الزواج؟,Personal Status,1
لو سمحت عايز اعرف اطلع بدل فاقد للبطاقة الضريبية؟,Taxes,2
عايز اعرف المستندات المطلوبة لاستخراج القيد العائلي؟,Civil Affairs,0
ممكن تقولي ازاي اتجوز واحدة اجنبية اعمل ايه في الاوراق؟,Personal Status,1
ممكن تقولي ازاي استخرج قسيمة طلاق اونلاين؟,Personal Status,1
ممكن تقولي ازاي استخرج شهادة وفاة لأبويا؟,Civil Affairs,0
هعمل ايه علشان اسجل عربية جديدة في المرور؟,Traffic,3
ممكن تقولي ازاي رسوم قسيمة الزواج كام؟,Personal Status,1
انا محتاج اطلع بدل فاقد للبطاقة الشخصية؟,Civil Affairs,0
ممكن حد يفهمني اجدد الرخصة لمركبة نقل؟,Traffic,3
انا تايه، عايز اعرف اطلع افادة طلاق رسمية؟,Personal Status,1
فين اروح علشان غرامة التأخير في سداد القيمة المضافة كام؟,Taxes,2
عايز اعرف ازاي اسجل عربية جديدة في المرور؟,Traffic,3
هعمل ايه علشان اعدل اقرار القيمة المضافة بعد التقديم؟,Taxes,2
ممكن حد يفهمني استخرج البطاقة الضريبية؟,Taxes,2
انا محتاج اطلع قسيمة طلاق قديمة من الارشيف؟,Personal Status,1
ينفع احول رخصة قيادة اجنبية لمصرية؟,Traffic,3
عايز اعرف رسوم استخراج شهادة الميلاد كام؟,Civil Affairs,0
ممكن حد يفهمني استعلم عن مخالفات عربية مش عربيتي؟,Traffic,3
ممكن تقولي ازاي تجديد الرخصة بياخد وقت قد ايه؟,Traffic,3
فين اروح علشان ابدل بطاقة الرقم القومي بعد ما اتفقدت؟,Civil Affairs,0
ينفع ابدل بطاقة الرقم القومي بعد ما اتفقدت؟,Civil Affairs,0
ممكن حد يفهمني ابدل بطاقة الرقم القومي بعد ما اتفقدت؟,Civil Affairs,0
فين اروح علشان شهادة الوفاة لازمة لايه بعد كده؟,Civil Affairs,0
ممكن تقولي ازاي اقسط غرامة مخالفات المرور؟,Traffic,3
هعمل ايه علشان قسيمة الطلاق هتلزمني في ايه بعد كده؟,Personal Status,1
انا محتاج افتح ملف ضريبي لنشاط حر؟,Taxes,2
لو سمحت عايز اعرف اطلق مراتي رسمي ازاي؟,Personal Status,1
فين اروح علشان اعدل بيانات غلط في قسيمة الطلاق؟,Personal Status,1
ممكن حد يفهمني استخرج شهادة ميلاد لابني؟,Civil Affairs,0
ممكن حد يفهمني محتاج القيد الفردي علشان اقدم عليه فين؟,Civil Affairs,0
انا تايه، عايز اعرف رسوم شهادة الوفاة كام؟,Civil Affairs,0
عايز اعرف المستندات المطلوبة للطلاق؟,Personal Status,1
ممكن تقولي ازاي رسوم التسجيل الضريبي كام؟,Taxes,2
عايز اعرف ازاي الاقرار الضريبي للشركات فرق ايه عن الافراد؟,Taxes,2
انا تايه، عايز اعرف رسوم قسيمة الزواج كام؟,Personal Status,1
فين اروح علشان ضريبة الدخل بتتحسب ازاي للمهن الحرة؟,Taxes,2
انا محتاج استخرج البطاقة الضريبية؟,Taxes,2
عايز اعرف قسيمة الطلاق بتاخد وقت قد ايه؟,Personal Status,1
انا محتاج ضريبة الدخل على العمل الحر بتتحصل ازاي؟,Taxes,2
ممكن تقولي ازاي اقدم اقرار ضريبي صفري؟,Taxes,2
ممكن حد يفهمني اعرف تفاصيل مخالفة برقم اللوحة؟,Traffic,3
هعمل ايه علشان رخصة القيادة بتاخد وقت قد ايه؟,Traffic,3
عايز اعرف ازاي اعدل اقرار القيمة المضافة بعد التقديم؟,Taxes,2
انا محتاج اعترض على ربط ضريبة الدخل؟,Taxes,2
ينفع مخالفات المرور بتتحسب ازاي؟,Traffic,3
لو سمحت عايز اعرف المستندات المطلوبة لقسيمة الطلاق؟,Personal Status,1
انا محتاج اعفاءات ضريبة الدخل ايه هي؟,Taxes,2
هعمل ايه علشان اطلع بطاقة ضريبية لمنشأة جديدة؟,Taxes,2
ممكن تقولي ازاي اعفاءات ضريبة الدخل ايه هي؟,Taxes,2
ممكن حد يفهمني استخرج البطاقة الضريبية اونلاين؟,Taxes,2
لو سمحت عايز اعرف اعدل بيانات خطأ في شهادة الوفاة؟,Civil Affairs,0
عايز اعرف اطلع رخصة سيارة نقل تجاري؟,Traffic,3
هعمل ايه علشان خطوات تجديد الرخصة اونلاين ايه؟,Traffic,3
فين اروح علشان استخرج قيد فردي اونلاين؟,Civil Affairs,0
انا تايه، عايز اعرف افرق قيدي عن قيد اهلي؟,Civil Affairs,0
فين اروح علشان اثبت حالتي الاجتماعية لجهة عمل؟,Personal Status,1
ممكن تقولي ازاي اعدل الحالة الاجتماعية بعد الطلاق؟,Personal Status,1
ينفع شهادة الوفاة بتتعمل فين بالظبط؟,Civil Affairs,0
عايز اعرف استخرج شهادة ميلاد اونلاين؟,Civil Affairs,0
عايز اعرف ازاي مدة سقوط مخالفة المرور كام؟,Traffic,3
عايز اعرف اجدد رخصة عربية متأخرة من سنين؟,Traffic,3
هعمل ايه علشان البطاقة الضريبية محتاجها علشان اعمل ايه؟,Taxes,2
فين اروح علشان اجدد الرخصة من غير كشف طبي ينفع؟,Traffic,3
ينفع اطلع بدل فاقد لعقد الجواز؟,Personal Status,1
هعمل ايه علشان رسوم قسيمة الزواج كام؟,Personal Status,1
فين اروح علشان اقدم على البطاقة القومي اونلاين؟,Civil Affairs,0
عايز اعرف ازاي المستندات المطلوبة للطلاق؟,Personal Status,1
عايز اعرف اطلاق اجراءاته بتاخد قد ايه؟,Personal Status,1
عايز اعرف اعدل العنوان في بطاقة الرقم القومي؟,Civil Affairs,0
ممكن تقولي ازاي شروط اتمام عقد الزواج للمصريين في الخارج؟,Personal Status,1
ممكن تقولي ازاي ضريبة الدخل على العمل الحر بتتحصل ازاي؟,Taxes,2
لو سمحت عايز اعرف اعدل بيانات في شهادة الميلاد؟,Civil Affairs,0
عايز اعرف ازاي استخرج بطاقة الرقم القومي لأول مرة؟,Civil Affairs,0
انا تايه، عايز اعرف اسجل عقد جواز عرفي؟,Personal Status,1
انا تايه، عايز اعرف اطلع ايصال دفع مخالفة مرور؟,Traffic,3
انا تايه، عايز اعرف رسوم القيد العائلي كام؟,Civil Affairs,0
ممكن حد يفهمني اقدم طلب طلاق للمحكمة ازاي؟,Personal Status,1
ممكن تقولي ازاي افرق قيدي عن قيد اهلي؟,Civil Affairs,0
عايز اعرف ازاي اطلع بدل فاقد للقيد الفردي؟,Civil Affairs,0
ينفع المستندات المطلوبة لاستخراج القيد العائلي؟,Civil Affairs,0
ممكن حد يفهمني اعترض على مخالفة مرور غلط؟,Traffic,3
انا محتاج اجدد رخصة العربية اونلاين؟,Traffic,3
لو سمحت عايز اعرف اترجم قسيمة الطلاق رسمي؟,Personal Status,1
ممكن تقولي ازاي قسيمة الطلاق بتاخد وقت قد ايه؟,Personal Status,1
ينفع استخرج قسيمة زواج اونلاين؟,Personal Status,1
لو سمحت عايز اعرف اسجل شركتي الجديدة ضريبيا؟,Taxes,2
ممكن حد يفهمني اعدل اقرار القيمة المضافة بعد التقديم؟,Taxes,2
عايز اعرف استخرج رخصة سيارتي الجديدة؟,Traffic,3
عايز اعرف ازاي اعدل بيانات في البطاقة الضريبية؟,Taxes,2
لو سمحت عايز اعرف رخصة القيادة بتاخد وقت قد ايه؟,Traffic,3
ممكن تقولي ازاي افرق بين ضريبة الدخل والضريبة على الارباح؟,Taxes,2
انا تايه، عايز اعرف تجديد الرخصة بياخد وقت قد ايه؟,Traffic,3
فين اروح علشان اطلع بدل فاقد لشهادة الوفاة؟,Civil Affairs,0
عايز اعرف اجدد رخصة العربية بعد الانتهاء؟,Traffic,3
ينفع رخصة الموتوسيكل بتتجدد ازاي؟,Traffic,3
ممكن تقولي ازاي رخصة السيارة بتاخد قد ايه؟,Traffic,3
ممكن حد يفهمني اطلع قسيمة الزواج من مأذون تاني محافظة؟,Personal Status,1
انا تايه، عايز اعرف اجدد رخصة القيادة بعد ما خلصت؟,Traffic,3
هعمل ايه علشان اسجل المركبة اونلاين؟,Traffic,3
ممكن تقولي ازاي اعمل ايه علشان اقيد وفاة حصلت برا البلد؟,Civil Affairs,0
لو سمحت عايز اعرف ضريبة الدخل بتتحسب ازاي للمهن الحرة؟,Taxes,2
هعمل ايه علشان رسوم القيد الفردي كام؟,Civil Affairs,0
ممكن حد يفهمني اطلع بدل فاقد لقسيمة الزواج؟,Personal Status,1
عايز اعرف شهادة الوفاة بتتعمل فين بالظبط؟,Civil Affairs,0
هعمل ايه علشان اطلع بدل فاقد للقيد الفردي؟,Civil Affairs,0
لو سمحت عايز اعرف اعدل الحالة الاجتماعية بعد الطلاق؟,Personal Status,1
لو سمحت عايز اعرف المستندات المطلوبة للبطاقة الضريبية؟,Taxes,2
ممكن حد يفهمني تسجيل المركبة بياخد وقت قد ايه؟,Traffic,3
ممكن حد يفهمني القيمة المضافة بتتحصل على ايه بالظبط؟,Taxes,2
عايز اعرف اتجوز واحدة اجنبية اعمل ايه في الاوراق؟,Personal Status,1
عايز اعرف المستندات المطلوبة لقسيمة الزواج؟,Personal Status,1
انا تايه، عايز اعرف مدة استخراج البطاقة القومي بتاخد قد ايه؟,Civil Affairs,0
عايز اعرف اعقد عقد جواز جديد؟,Personal Status,1
لو سمحت عايز اعرف شهادة الوفاة لازمة لايه بعد كده؟,Civil Affairs,0
عايز اعرف قسيمة الطلاق هتلزمني في ايه بعد كده؟,Personal Status,1
انا تايه، عايز اعرف الاقرار الضريبي بيتقدم ازاي اونلاين؟,Taxes,2
هعمل ايه علشان افرق قيدي عن قيد اهلي؟,Civil Affairs,0
ينفع اطلع بدل فاقد للقيد الفردي؟,Civil Affairs,0
انا تايه، عايز اعرف اغير حالتي الاجتماعية من اعزب لمتجوز في الاوراق؟,Personal Status,1
عايز اعرف ازاي البطاقة الضريبية بتاخد قد ايه؟,Taxes,2
ممكن حد يفهمني اعدل بيانات خطأ في شهادة الوفاة؟,Civil Affairs,0
انا محتاج رسوم توثيق الطلاق كام؟,Personal Status,1
هعمل ايه علشان فين اروح علشان اجدد الرخصة بسرعة؟,Traffic,3
لو سمحت عايز اعرف اسجل ضريبيا اونلاين؟,Taxes,2
عايز اعرف ازاي اطلع نسخة من اقرار ضريبي قديم؟,Taxes,2
انا محتاج المخالفة هتأثر على تجديد الرخصة ولا لأ؟,Traffic,3
عايز اعرف ازاي غرامة تأخير تجديد الرخصة كام؟,Traffic,3
ممكن حد يفهمني اسجل نشاطي التجاري في الضرائب؟,Taxes,2
هعمل ايه علشان اطلع بدل فاقد لقسيمة الطلاق؟,Personal Status,1
عايز اعرف اجدد بطاقة الرقم القومي بتاعتي؟,Civil Affairs,0
انا محتاج عقد الجواز بياخد وقت قد ايه؟,Personal Status,1
انا محتاج المستندات المطلوبة لعمل بطاقة رقم قومي؟,Civil Affairs,0
ينفع اعرف اقرب مكتب سجل مدني لعمل البطاقة؟,Civil Affairs,0
انا محتاج الاقرار الضريبي بيتقدم ازاي اونلاين؟,Taxes,2
ينفع اعمل ايه لو عايز اطلق زوجتي المقيمة برا البلد؟,Personal Status,1
عايز اعرف ازاي رخصة القيادة بتاخد وقت قد ايه؟,Traffic,3
لو سمحت عايز اعرف قسيمة الطلاق هتلزمني في ايه بعد كده؟,Personal Status,1
فين اروح علشان غرامة تأخير الاقرار الضريبي كام؟,Taxes,2
ينفع استرد ضريبة دخل مخصومة زيادة؟,Taxes,2
عايز اعرف اسجل شركتي الجديدة ضريبيا؟,Taxes,2
ممكن تقولي ازاي اعمل ايه لو عايز اطلق زوجتي المقيمة برا البلد؟,Personal Status,1
عايز اعرف ازاي اطلع بدل فاقد لعقد الجواز؟,Personal Status,1
ممكن حد يفهمني الحالة الاجتماعية في البطاقة بتتغير ازاي؟,Personal Status,1
لو سمحت عايز اعرف استخرج البطاقة الضريبية؟,Taxes,2
عايز اعرف ازاي افرق قيدي عن قيد اهلي؟,Civil Affairs,0
ممكن حد يفهمني فين اروح علشان اجدد الرخصة بسرعة؟,Traffic,3
ممكن تقولي ازاي اعدل بيانات في شهادة الميلاد؟,Civil Affairs,0
عايز اعرف ازاي الاقرار الضريبي بيتقدم ازاي اونلاين؟,Taxes,2
فين اروح علشان شهادة الميلاد المميكنة فرق ايه عن العادية؟,Civil Affairs,0
فين اروح علشان مدة استخراج البطاقة القومي بتاخد قد ايه؟,Civil Affairs,0
هعمل ايه علشان المستندات المطلوبة لقسيمة الطلاق؟,Personal Status,1
ممكن حد يفهمني اقسط ضريبة الدخل المستحقة عليا؟,Taxes,2
هعمل ايه علشان رسوم تسجيل المركبة كام؟,Traffic,3
هعمل ايه علشان استخرج شهادة وفاة اونلاين؟,Civil Affairs,0
هعمل ايه علشان اعترض على ربط ضريبة الدخل؟,Taxes,2
ممكن تقولي ازاي مواعيد تقديم الاقرار الضريبي امتى؟,Taxes,2
لو سمحت عايز اعرف اطلاق اجراءاته بتاخد قد ايه؟,Personal Status,1
انا تايه، عايز اعرف افرق القيد الفردي عن العائلي في ايه؟,Civil Affairs,0
ممكن حد يفهمني المستندات المطلوبة لقسيمة الطلاق؟,Personal Status,1
فين اروح علشان شروط اتمام عقد الزواج للمصريين في الخارج؟,Personal Status,1
ممكن حد يفهمني المستندات المطلوبة للاقرار الضريبي؟,Taxes,2
انا تايه، عايز اعرف اطلع بطاقة ضريبية لمنشأة جديدة؟,Taxes,2
انا محتاج اغير حالتي الاجتماعية من اعزب لمتجوز في الاوراق؟,Personal Status,1
فين اروح علشان اطلع شهادة ميلاد لشخص متوفي؟,Civil Affairs,0
انا محتاج التسجيل الضريبي فرق ايه عن البطاقة الضريبية؟,Taxes,2
انا محتاج اعدل بيانات في شهادة الميلاد؟,Civil Affairs,0
انا محتاج استخرج قسيمة الزواج؟,Personal Status,1
انا محتاج غرامة تأخير الاقرار الضريبي كام؟,Taxes,2
ممكن حد يفهمني اطلع ايصال دفع مخالفة مرور؟,Traffic,3
عايز اعرف استعلم عن مخالفات عربية مش عربيتي؟,Traffic,3
عايز اعرف تسجيل المركبة بياخد وقت قد ايه؟,Traffic,3
ممكن تقولي ازاي غرامة التأخير في سداد القيمة المضافة كام؟,Taxes,2
ممكن حد يفهمني اطلع افادة طلاق رسمية؟,Personal Status,1
لو سمحت عايز اعرف قسيمة الزواج بتاخد قد ايه؟,Personal Status,1
انا محتاج رسوم قسيمة الزواج كام؟,Personal Status,1
هعمل ايه علشان اطلع ايصال دفع مخالفة مرور؟,Traffic,3
ممكن حد يفهمني اوثق اشهاد طلاق اونلاين؟,Personal Status,1
ممكن تقولي ازاي المستندات المطلوبة لاستخراج رخصة القيادة؟,Traffic,3
عايز اعرف ازاي اجدد بطاقة الرقم القومي بتاعتي؟,Civil Affairs,0
عايز اعرف ازاي اعدل بيانات في رخصة المركبة؟,Traffic,3
ينفع افسخ تسجيل عربية قديمة؟,Traffic,3
عايز اعرف اعدل الحالة الاجتماعية اونلاين؟,Personal Status,1
ينفع اعقد عقد جواز جديد؟,Personal Status,1
ممكن تقولي ازاي اوثق عقد جواز اونلاين؟,Personal Status,1
انا تايه، عايز اعرف اطلع بدل فاقد للبطاقة الضريبية؟,Taxes,2
فين اروح علشان اعمل ايه علشان اقيد وفاة حصلت برا البلد؟,Civil Affairs,0
ممكن حد يفهمني اتجوز واحدة اجنبية اعمل ايه في الاوراق؟,Personal Status,1
عايز اعرف ازاي ابدل بطاقة الرقم القومي بعد ما اتفقدت؟,Civil Affairs,0
لو سمحت عايز اعرف اعدل اقرار القيمة المضافة بعد التقديم؟,Taxes,2
ينفع محتاج القيد الفردي علشان اقدم عليه فين؟,Civil Affairs,0
ينفع البطاقة الضريبية بتاخد قد ايه؟,Taxes,2
ممكن تقولي ازاي رسوم البطاقة الضريبية كام؟,Taxes,2
عايز اعرف اعمل ايه لو عايز اطلق زوجتي المقيمة برا البلد؟,Personal Status,1
لو سمحت عايز اعرف اضيف مولود على القيد العائلي؟,Civil Affairs,0
لو سمحت عايز اعرف اعدل العنوان في بطاقة الرقم القومي؟,Civil Affairs,0
ممكن حد يفهمني التسجيل الضريبي فرق ايه عن البطاقة الضريبية؟,Taxes,2
فين اروح علشان اضيف مولود على القيد العائلي؟,Civil Affairs,0
ينفع استخرج قيد عائلي جديد؟,Civil Affairs,0
ممكن حد يفهمني استخرج بطاقة الرقم القومي لأول مرة؟,Civil Affairs,0
انا تايه، عايز اعرف رسوم تسجيل المركبة كام؟,Traffic,3
انا محتاج اجدد رخصة القيادة بعد ما خلصت؟,Traffic,3
ينفع المستندات المطلوبة لتجديد الرخصة؟,Traffic,3
ينفع اجدد رخصة القيادة قبل ما تخلص؟,Traffic,3
ممكن حد يفهمني رسوم شهادة الوفاة كام؟,Civil Affairs,0
ممكن حد يفهمني قسيمة الزواج بتاخد قد ايه؟,Personal Status,1
ينفع اقدم على رخصة القيادة اونلاين؟,Traffic,3
هعمل ايه علشان انقل ملكية موتوسيكل ازاي؟,Traffic,3
عايز اعرف افرق بين ضريبة الدخل والضريبة على الارباح؟,Taxes,2
هعمل ايه علشان تجديد الرخصة بياخد وقت قد ايه؟,Traffic,3
عايز اعرف استعلم عن مخالفات المرور بتاعتي؟,Traffic,3
انا تايه، عايز اعرف استرد ضريبة القيمة المضافة؟,Taxes,2
عايز اعرف ازاي احسب ضريبة الدخل على مرتبي؟,Taxes,2
هعمل ايه علشان اعدل بيانات في رخصة المركبة؟,Traffic,3
عايز اعرف ازاي رسوم قسيمة الطلاق كام؟,Personal Status,1
انا تايه، عايز اعرف المستندات المطلوبة لعمل بطاقة رقم قومي؟,Civil Affairs,0
ممكن حد يفهمني اعدل بيانات التسجيل الضريبي؟,Taxes,2
انا تايه، عايز اعرف اطلع بدل فاقد لقسيمة الطلاق؟,Personal Status,1
ممكن تقولي ازاي اعدل الحالة الاجتماعية بعد وفاة الزوج؟,Personal Status,1
ينفع المستندات المطلوبة لتسوية ضريبة الدخل؟,Taxes,2
عايز اعرف تجديد الرخصة بياخد وقت قد ايه؟,Traffic,3
عايز اعرف المستندات المطلوبة للقيد الفردي؟,Civil Affairs,0
لو سمحت عايز اعرف رسوم توثيق عقد الجواز كام؟,Personal Status,1
لو سمحت عايز اعرف اطلع افادة طلاق رسمية؟,Personal Status,1
لو سمحت عايز اعرف شهادة الميلاد المميكنة فرق ايه عن العادية؟,Civil Affairs,0
فين اروح علشان اطلق مراتي رسمي ازاي؟,Personal Status,1
فين اروح علشان اعدل بيانات في شهادة الميلاد؟,Civil Affairs,0
ينفع ضريبة الدخل على العمل الحر بتتحصل ازاي؟,Taxes,2
ينفع اعدل بيانات غلط في قسيمة الزواج؟,Personal Status,1
فين اروح علشان تحديث الحالة الاجتماعية بياخد قد ايه؟,Personal Status,1
هعمل ايه علشان المستندات المطلوبة لعمل بطاقة رقم قومي؟,Civil Affairs,0
ممكن حد يفهمني غرامة تأخير الاقرار الضريبي كام؟,Taxes,2
فين اروح علشان المستندات المطلوبة لقسيمة الطلاق؟,Personal Status,1
فين اروح علشان التسجيل الضريبي بياخد وقت قد ايه؟,Taxes,2
فين اروح علشان اطلع بدل فاقد لقسيمة الزواج؟,Personal Status,1
انا تايه، عايز اعرف استخرج شهادة ميلاد لابني؟,Civil Affairs,0
فين اروح علشان افرق قيدي عن قيد اهلي؟,Civil Affairs,0
انا محتاج استخرج شهادة ميلاد اونلاين؟,Civil Affairs,0
ممكن حد يفهمني المستندات المطلوبة لاستخراج شهادة الوفاة؟,Civil Affairs,0
عايز اعرف اعدل بيانات غلط في قسيمة الزواج؟,Personal Status,1
هعمل ايه علشان المستندات المطلوبة لشهادة الميلاد؟,Civil Affairs,0
انا تايه، عايز اعرف اقدم اقرار القيمة المضافة الشهري؟,Taxes,2
ممكن تقولي ازاي الاقرار الضريبي بيتقدم ازاي اونلاين؟,Taxes,2
ممكن حد يفهمني اجدد بطاقة الرقم القومي بتاعتي؟,Civil Affairs,0
انا محتاج التسجيل الضريبي بياخد وقت قد ايه؟,Taxes,2
عايز اعرف المستندات المطلوبة لتجديد الرخصة؟,Traffic,3
فين اروح علشان اعفاءات ضريبة الدخل ايه هي؟,Taxes,2
لو سمحت عايز اعرف اطلع بدل فاقد لرخصة القيادة؟,Traffic,3
عايز اعرف افرق قيدي عن قيد اهلي؟,Civil Affairs,0
فين اروح علشان اقدم اقرار ضريبي صفري؟,Taxes,2
ممكن حد يفهمني اعدل العنوان في بطاقة الرقم القومي؟,Civil Affairs,0
فين اروح علشان اعدل بيانات غلط في القيد العائلي؟,Civil Affairs,0
انا تايه، عايز اعرف اعدل بيانات في رخصة المركبة؟,Traffic,3
فين اروح علشان الحالة الاجتماعية في القيد مش مطابقة اعمل ايه؟,Personal Status,1
ممكن تقولي ازاي اعقد عقد جواز جديد؟,Personal Status,1
انا تايه، عايز اعرف قسيمة الطلاق بتاخد وقت قد ايه؟,Personal Status,1
هعمل ايه علشان اطلع بدل فاقد للقيد العائلي؟,Civil Affairs,0
ينفع اثبت حالتي الاجتماعية لجهة عمل؟,Personal Status,1
انا محتاج استخرج قسيمة زواج اونلاين؟,Personal Status,1
ينفع استخرج رخصة سيارتي الجديدة؟,Traffic,3
انا تايه، عايز اعرف اطلع بدل فاقد للقيد الفردي؟,Civil Affairs,0
هعمل ايه علشان شرايح ضريبة الدخل الحالية ايه؟,Taxes,2
انا تايه، عايز اعرف غرامة تأخير تجديد الرخصة كام؟,Traffic,3
ينفع اطلع بدل فاقد لشهادة الوفاة؟,Civil Affairs,0
ينفع الكشف الطبي لرخصة القيادة بيتعمل فين؟,Traffic,3
فين اروح علشان اعفاءات ضريبة القيمة المضافة على السلع؟,Taxes,2
ممكن تقولي ازاي اقسط ضريبة الدخل المستحقة عليا؟,Taxes,2
ممكن حد يفهمني رسوم التسجيل الضريبي كام؟,Taxes,2
انا تايه، عايز اعرف اسجل المركبة اونلاين؟,Traffic,3
ينفع اطلع بدل فاقد للقيد العائلي؟,Civil Affairs,0
ممكن تقولي ازاي استخرج قسيمة الزواج؟,Personal Status,1
هعمل ايه علشان اطلع شهادة ميلاد كمبيوتر بدل الاول؟,Civil Affairs,0
ينفع اقسط غرامة مخالفات المرور؟,Traffic,3
هعمل ايه علشان اطلع افادة طلاق رسمية؟,Personal Status,1
عايز اعرف ازاي اطلع بدل فاقد للبطاقة الضريبية؟,Taxes,2
لو سمحت عايز اعرف احول رخصة قيادة اجنبية لمصرية؟,Traffic,3
هعمل ايه علشان اجدد البطاقة الضريبية بعد ما خلصت؟,Taxes,2
فين اروح علشان الاقرار الضريبي بيتقدم ازاي اونلاين؟,Taxes,2
ممكن حد يفهمني اسجل ضريبيا اونلاين؟,Taxes,2
عايز اعرف ازاي اجدد رخصة عربية متأخرة من سنين؟,Traffic,3
انا محتاج اطلع بدل فاقد للقيد العائلي؟,Civil Affairs,0
ممكن حد يفهمني اسجل نفسي في مصلحة الضرائب؟,Taxes,2
ينفع البطاقة الضريبية محتاجها علشان اعمل ايه؟,Taxes,2
عايز اعرف الحالة الاجتماعية في القيد مش مطابقة اعمل ايه؟,Personal Status,1
عايز اعرف ازاي اسجل شركتي الجديدة ضريبيا؟,Taxes,2
انا تايه، عايز اعرف اعدل الاقرار الضريبي بعد التقديم؟,Taxes,2
انا محتاج اطلع بدل فاقد لقسيمة الطلاق؟,Personal Status,1
انا تايه، عايز اعرف التسجيل الضريبي بياخد وقت قد ايه؟,Taxes,2
ممكن حد يفهمني قسيمة الطلاق هتلزمني في ايه بعد كده؟,Personal Status,1
ممكن تقولي ازاي استخرج القيد العائلي اونلاين؟,Civil Affairs,0
هعمل ايه علشان اقدم اقرار ضريبي صفري؟,Taxes,2
هعمل ايه علشان اطلع بدل فاقد للبطاقة الشخصية؟,Civil Affairs,0
ممكن حد يفهمني المستندات المطلوبة للطلاق؟,Personal Status,1
عايز اعرف شهادة الميلاد المميكنة فرق ايه عن العادية؟,Civil Affairs,0
ممكن حد يفهمني اجدد البطاقة الضريبية بعد ما خلصت؟,Taxes,2
عايز اعرف ازاي المستندات المطلوبة للاقرار الضريبي؟,Taxes,2
لو سمحت عايز اعرف اطلع بدل فاقد لقسيمة الطلاق؟,Personal Status,1
ممكن حد يفهمني اقدم الاقرار الضريبي السنوي؟,Taxes,2
انا تايه، عايز اعرف اسجل في ضريبة القيمة المضافة؟,Taxes,2
لو سمحت عايز اعرف اقدم على رخصة القيادة اونلاين؟,Traffic,3
عايز اعرف ازاي المستندات المطلوبة لعقد الزواج؟,Personal Status,1
فين اروح علشان المستندات المطلوبة لعقد الزواج؟,Personal Status,1
ينفع اطلع قسيمة الزواج من مأذون تاني محافظة؟,Personal Status,1
ممكن تقولي ازاي احذف اسم من القيد العائلي؟,Civil Affairs,0
ممكن حد يفهمني اثبت حالتي الاجتماعية لجهة عمل؟,Personal Status,1
عايز اعرف استخرج البطاقة الضريبية؟,Taxes,2
ينفع ادفع مخالفة المرور اونلاين؟,Traffic,3
انا تايه، عايز اعرف الاقرار الضريبي للشركات فرق ايه عن الافراد؟,Taxes,2
فين اروح علشان رسوم تسجيل المركبة كام؟,Traffic,3
انا محتاج المستندات المطلوبة للقيد الفردي؟,Civil Affairs,0
انا محتاج استخرج قيد فردي؟,Civil Affairs,0
عايز اعرف استرد ضريبة القيمة المضافة؟,Taxes,2
عايز اعرف ازاي القيمة المضافة بتتحصل على ايه بالظبط؟,Taxes,2
فين اروح علشان رسوم توثيق عقد الجواز كام؟,Personal Status,1
ممكن تقولي ازاي اقدم طلب طلاق للمحكمة ازاي؟,Personal Status,1
ممكن تقولي ازاي استخرج قيد فردي؟,Civil Affairs,0
ممكن حد يفهمني اعمل ايه علشان اقيد وفاة حصلت برا البلد؟,Civil Affairs,0
عايز اعرف ازاي شرايح ضريبة الدخل الحالية ايه؟,Taxes,2
هعمل ايه علشان المستندات المطلوبة لاستخراج شهادة الوفاة؟,Civil Affairs,0
عايز اعرف ازاي رخصة السيارة بتاخد قد ايه؟,Traffic,3
انا تايه، عايز اعرف اثبت حالتي الاجتماعية لجهة عمل؟,Personal Status,1
انا تايه، عايز اعرف المستندات المطلوبة للاقرار الضريبي؟,Taxes,2
هعمل ايه علشان المستندات المطلوبة لتسوية ضريبة الدخل؟,Taxes,2
لو سمحت عايز اعرف اطلع بدل فاقد لعقد الجواز؟,Personal Status,1
فين اروح علشان اعدل الحالة الاجتماعية بعد وفاة الزوج؟,Personal Status,1
ممكن حد يفهمني افرق بين ضريبة الدخل والضريبة على الارباح؟,Taxes,2
عايز اعرف اجدد الرخصة لمركبة نقل؟,Traffic,3
ينفع افرق قيدي عن قيد اهلي؟,Civil Affairs,0
ينفع مدة استخراج البطاقة القومي بتاخد قد ايه؟,Civil Affairs,0
ممكن تقولي ازاي اسجل نفسي في مصلحة الضرائب؟,Taxes,2
عايز اعرف رخصة السيارة بتاخد قد ايه؟,Traffic,3
هعمل ايه علشان اعترض على مخالفة مرور غلط؟,Traffic,3
ممكن تقولي ازاي اعدل بيانات في البطاقة الضريبية؟,Taxes,2
عايز اعرف المستندات المطلوبة لتغيير الحالة الاجتماعية؟,Personal Status,1
ممكن تقولي ازاي استعلم عن مخالفات عربية مش عربيتي؟,Traffic,3
انا تايه، عايز اعرف استخرج القيد العائلي اونلاين؟,Civil Affairs,0
فين اروح علشان اطلع بدل فاقد لرخصة القيادة؟,Traffic,3
ممكن تقولي ازاي اعرف تفاصيل مخالفة برقم اللوحة؟,Traffic,3
فين اروح علشان الفرق بين الطلاق والخلع ايه؟,Personal Status,1
عايز اعرف ازاي اتجوز واحدة اجنبية اعمل ايه في الاوراق؟,Personal Status,1
انا محتاج ابدل بطاقة الرقم القومي بعد ما اتفقدت؟,Civil Affairs,0
عايز اعرف المستندات المطلوبة لتسوية ضريبة الدخل؟,Taxes,2
انا محتاج احسب ضريبة الدخل على مرتبي؟,Taxes,2
انا تايه، عايز اعرف عقد الجواز بياخد وقت قد ايه؟,Personal Status,1
فين اروح علشان تجديد الرخصة بياخد وقت قد ايه؟,Traffic,3
ممكن تقولي ازاي اطلع ايصال دفع مخالفة مرور؟,Traffic,3
فين اروح علشان الفاتورة الالكترونية علاقتها بالقيمة المضافة ايه؟,Taxes,2
ممكن تقولي ازاي اطلع بدل فاقد لعقد الجواز؟,Personal Status,1
انا محتاج اتجوز واحدة اجنبية اعمل ايه في الاوراق؟,Personal Status,1
عايز اعرف ازاي رسوم رخصة السيارة كام؟,Traffic,3
عايز اعرف ازاي افسخ تسجيل عربية قديمة؟,Traffic,3
فين اروح علشان استعلم عن مخالفات المرور بتاعتي؟,Traffic,3
فين اروح علشان اطلع بدل فاقد للقيد العائلي؟,Civil Affairs,0
انا محتاج اقدم على رخصة القيادة اونلاين؟,Traffic,3
انا محتاج اسجل في ضريبة القيمة المضافة؟,Taxes,2
ممكن تقولي ازاي اطلع بطاقة ضريبية لمنشأة جديدة؟,Taxes,2
ممكن تقولي ازاي ابدل بطاقة الرقم القومي بعد ما اتفقدت؟,Civil Affairs,0
ينفع اطلع بدل فاقد للبطاقة الضريبية؟,Taxes,2
انا محتاج اطلع بطاقة ضريبية لمنشأة جديدة؟,Taxes,2
ممكن تقولي ازاي اعرف اقرب مكتب سجل مدني لعمل البطاقة؟,Civil Affairs,0
لو سمحت عايز اعرف اطلع افادة بالحالة الاجتماعية؟,Personal Status,1
عايز اعرف استخرج شهادة وفاة اونلاين؟,Civil Affairs,0
ينفع اسجل في ضريبة القيمة المضافة؟,Taxes,2
ممكن حد يفهمني اطلع بدل فاقد للبطاقة الضريبية؟,Taxes,2
ممكن تقولي ازاي رسوم رخصة السيارة كام؟,Traffic,3
ممكن تقولي ازاي اسجل شركتي الجديدة ضريبيا؟,Taxes,2
عايز اعرف ازاي استخرج قسيمة الطلاق؟,Personal Status,1
ممكن تقولي ازاي استعلم عن مخالفات المرور بتاعتي؟,Traffic,3
هعمل ايه علشان مواعيد تقديم الاقرار الضريبي امتى؟,Taxes,2
ممكن حد يفهمني استرد ضريبة القيمة المضافة؟,Taxes,2
عايز اعرف ازاي اغير حالتي الاجتماعية من اعزب لمتجوز في الاوراق؟,Personal Status,1
هعمل ايه علشان مخالفات المرور بتتحسب ازاي؟,Traffic,3
انا تايه، عايز اعرف استخرج شهادة ميلاد اونلاين؟,Civil Affairs,0
انا محتاج استخرج رخصة سيارتي الجديدة؟,Traffic,3
ممكن حد يفهمني تجديد الرخصة بياخد وقت قد ايه؟,Traffic,3
ينفع اعدل العنوان في بطاقة الرقم القومي؟,Civil Affairs,0
هعمل ايه علشان اعدل بيانات في البطاقة الضريبية؟,Taxes,2
لو سمحت عايز اعرف الحالة الاجتماعية في القيد مش مطابقة اعمل ايه؟,Personal Status,1
عايز اعرف ازاي استخرج قيد فردي؟,Civil Affairs,0
انا تايه، عايز اعرف استخرج شهادة وفاة اونلاين؟,Civil Affairs,0
انا محتاج افسخ تسجيل عربية قديمة؟,Traffic,3
ينفع تسجيل المركبة بياخد وقت قد ايه؟,Traffic,3
انا محتاج اعمل ايه لو عايز اطلق زوجتي المقيمة برا البلد؟,Personal Status,1
لو سمحت عايز اعرف اقدم طلب طلاق للمحكمة ازاي؟,Personal Status,1
هعمل ايه علشان مدة سقوط مخالفة المرور كام؟,Traffic,3
فين اروح علشان اعدل بيانات التسجيل الضريبي؟,Taxes,2
عايز اعرف ازاي اعدل بيانات في القيد الفردي؟,Civil Affairs,0
ممكن تقولي ازاي اعدل الحالة الاجتماعية اونلاين؟,Personal Status,1
انا تايه، عايز اعرف اعمل ايه لو فاتت مدة تسجيل المولود؟,Civil Affairs,0
انا تايه، عايز اعرف نسبة ضريبة القيمة المضافة كام؟,Taxes,2
فين اروح علشان اطلاق اجراءاته بتاخد قد ايه؟,Personal Status,1
انا تايه، عايز اعرف اعمل ايه لو عايز اطلق زوجتي المقيمة برا البلد؟,Personal Status,1
عايز اعرف اسجل نشاطي التجاري في الضرائب؟,Taxes,2
لو سمحت عايز اعرف رسوم قسيمة الطلاق كام؟,Personal Status,1
انا تايه، عايز اعرف احذف اسم من القيد العائلي؟,Civil Affairs,0
عايز اعرف الحالة الاجتماعية في البطاقة بتتغير ازاي؟,Personal Status,1
لو سمحت عايز اعرف رسوم رخصة القيادة كام؟,Traffic,3
عايز اعرف اسجل حالة وفاة في الشئون المدنية؟,Civil Affairs,0
عايز اعرف ازاي اطلع قسيمة الزواج من مأذون تاني محافظة؟,Personal Status,1
هعمل ايه علشان المخالفة هتأثر على تجديد الرخصة ولا لأ؟,Traffic,3
عايز اعرف ازاي اطلع بدل فاقد لشهادة الوفاة؟,Civil Affairs,0
انا محتاج اجدد الرخصة من غير كشف طبي ينفع؟,Traffic,3
هعمل ايه علشان اطلع بدل فاقد لرخصة القيادة؟,Traffic,3
ممكن حد يفهمني افرق القيد الفردي عن العائلي في ايه؟,Civil Affairs,0
فين اروح علشان رخصة الموتوسيكل بتتجدد ازاي؟,Traffic,3
ينفع استخرج القيد العائلي اونلاين؟,Civil Affairs,0
لو سمحت عايز اعرف اجدد بطاقة الرقم القومي بتاعتي؟,Civil Affairs,0
لو سمحت عايز اعرف غرامة التأخير في سداد القيمة المضافة كام؟,Taxes,2
هعمل ايه علشان شهادة الوفاة لازمة لايه بعد كده؟,Civil Affairs,0
ممكن حد يفهمني المستندات المطلوبة لرخصة المركبة؟,Traffic,3
عايز اعرف اجدد رخصة السيارة اونلاين؟,Traffic,3
عايز اعرف اقدم الاقرار الضريبي السنوي؟,Taxes,2
انا تايه، عايز اعرف قسيمة الزواج بتاخد قد ايه؟,Personal Status,1
ممكن تقولي ازاي رخصة الموتوسيكل بتتجدد ازاي؟,Traffic,3
هعمل ايه علشان اجدد رخصة العربية اونلاين؟,Traffic,3
ممكن تقولي ازاي رسوم رخصة القيادة كام؟,Traffic,3
عايز اعرف ازاي محتاج القيد الفردي علشان اقدم عليه فين؟,Civil Affairs,0
هعمل ايه علشان المستندات المطلوبة لاستخراج رخصة القيادة؟,Traffic,3
ممكن حد يفهمني اترجم قسيمة الزواج رسمي؟,Personal Status,1
فين اروح علشان استخرج قيد فردي؟,Civil Affairs,0
لو سمحت عايز اعرف اسجل مركبة مستوردة جديدة؟,Traffic,3
عايز اعرف اقدم على البطاقة القومي اونلاين؟,Civil Affairs,0
انا تايه، عايز اعرف المستندات المطلوبة لاستخراج شهادة الوفاة؟,Civil Affairs,0
عايز اعرف ازاي الفرق بين الطلاق والخلع ايه؟,Personal Status,1
هعمل ايه علشان اقدم على البطاقة القومي اونلاين؟,Civil Affairs,0
فين اروح علشان المستندات المطلوبة لتجديد الرخصة؟,Traffic,3
انا تايه، عايز اعرف اطلع افادة بالحالة الاجتماعية؟,Personal Status,1
انا تايه، عايز اعرف استخرج البطاقة الضريبية؟,Taxes,2
انا تايه، عايز اعرف اعدل بيانات التسجيل الضريبي؟,Taxes,2
فين اروح علشان تسجيل المركبة بياخد وقت قد ايه؟,Traffic,3
لو سمحت عايز اعرف المستندات المطلوبة للتسجيل الضريبي؟,Taxes,2
ينفع اعدل اقرار القيمة المضافة بعد التقديم؟,Taxes,2
ينفع استخرج قسيمة الزواج؟,Personal Status,1
هعمل ايه علشان رسوم شهادة الوفاة كام؟,Civil Affairs,0
ينفع رسوم قسيمة الطلاق كام؟,Personal Status,1
عايز اعرف اسجل في ضريبة القيمة المضافة؟,Taxes,2
عايز اعرف استخرج قسيمة الطلاق؟,Personal Status,1
هعمل ايه علشان استعلم عن مخالفات المرور بتاعتي؟,Traffic,3
عايز اعرف اقيد مولود جديد في السجل المدني؟,Civil Affairs,0
لو سمحت عايز اعرف المستندات المطلوبة لعمل بطاقة رقم قومي؟,Civil Affairs,0
لو سمحت عايز اعرف غرامة تأخير تجديد الرخصة كام؟,Traffic,3
عايز اعرف استخرج بطاقة الرقم القومي لأول مرة؟,Civil Affairs,0
فين اروح علشان محتاج القيد الفردي علشان اقدم عليه فين؟,Civil Affairs,0
فين اروح علشان الحالة الاجتماعية في البطاقة بتتغير ازاي؟,Personal Status,1
فين اروح علشان الاقرار الضريبي للشركات فرق ايه عن الافراد؟,Taxes,2
عايز اعرف ازاي عقد الجواز بياخد وقت قد ايه؟,Personal Status,1
عايز اعرف ازاي قسيمة الزواج محتاجها علشان استخرج ايه بعد كده؟,Personal Status,1
انا تايه، عايز اعرف التسجيل الضريبي فرق ايه عن البطاقة الضريبية؟,Taxes,2
ممكن حد يفهمني استخرج قيد فردي اونلاين؟,Civil Affairs,0
ممكن حد يفهمني المستندات المطلوبة لتسجيل المركبة؟,Traffic,3
عايز اعرف استخرج قيد عائلي جديد؟,Civil Affairs,0
ممكن تقولي ازاي الفرق بين الطلاق والخلع ايه؟,Personal Status,1
عايز اعرف ازاي المستندات المطلوبة لتسوية ضريبة الدخل؟,Taxes,2
عايز اعرف افسخ تسجيل عربية قديمة؟,Traffic,3
ممكن حد يفهمني استخرج القيد العائلي اونلاين؟,Civil Affairs,0
انا محتاج شرايح ضريبة الدخل الحالية ايه؟,Taxes,2
عايز اعرف رسوم التسجيل الضريبي كام؟,Taxes,2
ممكن تقولي ازاي اعدل بيانات خطأ في شهادة الوفاة؟,Civil Affairs,0
هعمل ايه علشان اقسط غرامة مخالفات المرور؟,Traffic,3
انا محتاج رسوم قسيمة الطلاق كام؟,Personal Status,1
ممكن حد يفهمني اجدد رخصة السيارة اونلاين؟,Traffic,3
عايز اعرف ازاي المستندات المطلوبة لرخصة المركبة؟,Traffic,3
لو سمحت عايز اعرف اسجل في ضريبة القيمة المضافة؟,Taxes,2
ممكن حد يفهمني اعدل بيانات تسجيل المركبة؟,Traffic,3
لو سمحت عايز اعرف اعدل بيانات غلط في عقد الجواز؟,Personal Status,1
ممكن حد يفهمني اعدل الحالة الاجتماعية بعد وفاة الزوج؟,Personal Status,1
انا محتاج اقيد مولود جديد في السجل المدني؟,Civil Affairs,0
عايز اعرف اعدل بيانات في شهادة الميلاد؟,Civil Affairs,0
فين اروح علشان افرق القيد الفردي عن العائلي في ايه؟,Civil Affairs,0
ممكن حد يفهمني رسوم استخراج شهادة الميلاد كام؟,Civil Affairs,0
انا تايه، عايز اعرف اضيف مولود على القيد العائلي؟,Civil Affairs,0
ممكن تقولي ازاي اعمل ايه لو فاتت مدة تسجيل المولود؟,Civil Affairs,0
انا تايه، عايز اعرف اجدد البطاقة الضريبية بعد ما خلصت؟,Taxes,2
لو سمحت عايز اعرف المستندات المطلوبة لاستخراج شهادة الوفاة؟,Civil Affairs,0
ممكن تقولي ازاي فين اروح علشان اجدد الرخصة بسرعة؟,Traffic,3
ممكن تقولي ازاي مدة استخراج البطاقة القومي بتاخد قد ايه؟,Civil Affairs,0
انا تايه، عايز اعرف شروط اتمام عقد الزواج للمصريين في الخارج؟,Personal Status,1
عايز اعرف ازاي استخرج رخصة سيارتي الجديدة؟,Traffic,3
ممكن تقولي ازاي استرد ضريبة القيمة المضافة؟,Taxes,2
ممكن حد يفهمني رخصة السيارة بتاخد قد ايه؟,Traffic,3
فين اروح علشان رسوم قسيمة الزواج كام؟,Personal Status,1
فين اروح علشان اقدم على رخصة القيادة اونلاين؟,Traffic,3
انا محتاج استخرج رخصة قيادة جديدة؟,Traffic,3
انا تايه، عايز اعرف اطلع بدل فاقد لعقد الجواز؟,Personal Status,1
انا محتاج قسيمة الطلاق هتلزمني في ايه بعد كده؟,Personal Status,1
ينفع اجدد رخصة العربية بعد الانتهاء؟,Traffic,3
انا محتاج رسوم توثيق عقد الجواز كام؟,Personal Status,1
لو سمحت عايز اعرف الفرق بين الطلاق والخلع ايه؟,Personal Status,1
انا محتاج اترجم قسيمة الطلاق رسمي؟,Personal Status,1
عايز اعرف اطلع بدل فاقد للبطاقة الضريبية؟,Taxes,2
عايز اعرف ازاي اترجم قسيمة الطلاق رسمي؟,Personal Status,1
ينفع اجدد البطاقة الضريبية بعد ما خلصت؟,Taxes,2
فين اروح علشان اطلع بدل فاقد للبطاقة الشخصية؟,Civil Affairs,0
ممكن حد يفهمني اعدل بيانات في رخصة القيادة؟,Traffic,3
ينفع اطلع بطاقة ضريبية لمنشأة جديدة؟,Taxes,2
ينفع اسجل ضريبيا اونلاين؟,Taxes,2
ممكن تقولي ازاي تسجيل المركبة بياخد وقت قد ايه؟,Traffic,3
هعمل ايه علشان اثبت حالتي الاجتماعية لجهة عمل؟,Personal Status,1
فين اروح علشان اطلع افادة بالحالة الاجتماعية؟,Personal Status,1
ينفع اقيد مولود جديد في السجل المدني؟,Civil Affairs,0
هعمل ايه علشان استعلم عن مخالفات عربية مش عربيتي؟,Traffic,3
ممكن تقولي ازاي اقيد مولود جديد في السجل المدني؟,Civil Affairs,0
انا تايه، عايز اعرف افرق بين ضريبة الدخل والضريبة على الارباح؟,Taxes,2
لو سمحت عايز اعرف استخرج قيد عائلي جديد؟,Civil Affairs,0
عايز اعرف اطلع بدل فاقد للقيد الفردي؟,Civil Affairs,0
هعمل ايه علشان اطلع بدل فاقد لقسيمة الزواج؟,Personal Status,1
انا محتاج غرامة تأخير تجديد الرخصة كام؟,Traffic,3
لو سمحت عايز اعرف استخرج رخصة قيادة جديدة؟,Traffic,3
ينفع فين اروح علشان اجدد الرخصة بسرعة؟,Traffic,3
عايز اعرف ازاي اعقد عقد جواز جديد؟,Personal Status,1
انا محتاج اطلع ايصال دفع مخالفة مرور؟,Traffic,3
فين اروح علشان المستندات المطلوبة للبطاقة الضريبية؟,Taxes,2
لو سمحت عايز اعرف الكشف الطبي لرخصة القيادة بيتعمل فين؟,Traffic,3
عايز اعرف اطلع بدل فاقد لقسيمة الطلاق؟,Personal Status,1
ممكن تقولي ازاي خطوات تجديد الرخصة اونلاين ايه؟,Traffic,3
هعمل ايه علشان المستندات المطلوبة لاستخراج القيد العائلي؟,Civil Affairs,0
ممكن تقولي ازاي استخرج قسيمة زواج اونلاين؟,Personal Status,1
عايز اعرف ازاي اقدم الاقرار الضريبي السنوي؟,Taxes,2
لو سمحت عايز اعرف البطاقة الضريبية محتاجها علشان اعمل ايه؟,Taxes,2
ينفع الفاتورة الالكترونية علاقتها بالقيمة المضافة ايه؟,Taxes,2
فين اروح علشان احول رخصة قيادة اجنبية لمصرية؟,Traffic,3
لو سمحت عايز اعرف افرق قيدي عن قيد اهلي؟,Civil Affairs,0
عايز اعرف ازاي اعدل بيانات غلط في عقد الجواز؟,Personal Status,1
عايز اعرف ازاي استخرج قسيمة الزواج؟,Personal Status,1
ممكن تقولي ازاي عقد الجواز بياخد وقت قد ايه؟,Personal Status,1
لو سمحت عايز اعرف اعفاءات ضريبة القيمة المضافة على السلع؟,Taxes,2
انا محتاج اسجل مركبة مستوردة جديدة؟,Traffic,3
عايز اعرف مواعيد تقديم الاقرار الضريبي امتى؟,Taxes,2
لو سمحت عايز اعرف المستندات المطلوبة لقسيمة الزواج؟,Personal Status,1
هعمل ايه علشان استخرج شهادة ميلاد اونلاين؟,Civil Affairs,0
ممكن تقولي ازاي رسوم استخراج بطاقة الرقم القومي كام؟,Civil Affairs,0
ينفع ضريبة الدخل بتتحسب ازاي للمهن الحرة؟,Taxes,2
عايز اعرف اجدد البطاقة الضريبية بعد ما خلصت؟,Taxes,2
ممكن تقولي ازاي اطلع قسيمة طلاق قديمة من الارشيف؟,Personal Status,1
انا تايه، عايز اعرف اطلع قسيمة طلاق قديمة من الارشيف؟,Personal Status,1
عايز اعرف اعدل بيانات غلط في القيد العائلي؟,Civil Affairs,0
لو سمحت عايز اعرف رسوم القيد الفردي كام؟,Civil Affairs,0
ينفع عقد الجواز بياخد وقت قد ايه؟,Personal Status,1
انا تايه، عايز اعرف استخرج قيد عائلي جديد؟,Civil Affairs,0
عايز اعرف اعترض على ربط ضريبة الدخل؟,Taxes,2
انا تايه، عايز اعرف اعترض على مخالفة مرور غلط؟,Traffic,3
انا تايه، عايز اعرف اعفاءات ضريبة الدخل ايه هي؟,Taxes,2
عايز اعرف ازاي شهادة الوفاة بتتعمل فين بالظبط؟,Civil Affairs,0
انا تايه، عايز اعرف اسجل حالة طلاق في المأذون؟,Personal Status,1
لو سمحت عايز اعرف اعمل ايه لو عايز اطلق زوجتي المقيمة برا البلد؟,Personal Status,1
فين اروح علشان اسجل عقد جواز عرفي؟,Personal Status,1
عايز اعرف ازاي اعمل ايه لو فاتني ميعاد تقديم الاقرار الضريبي؟,Taxes,2
ممكن تقولي ازاي افتح ملف ضريبي لنشاط حر؟,Taxes,2
انا محتاج رسوم التسجيل الضريبي كام؟,Taxes,2
ممكن تقولي ازاي ضريبة الدخل بتتحسب ازاي للمهن الحرة؟,Taxes,2
عايز اعرف ازاي اسجل حالة طلاق في المأذون؟,Personal Status,1
ممكن تقولي ازاي اعدل بيانات غلط في عقد الجواز؟,Personal Status,1
هعمل ايه علشان اسجل شركتي الجديدة ضريبيا؟,Taxes,2
عايز اعرف ازاي اطلق مراتي رسمي ازاي؟,Personal Status,1
انا تايه، عايز اعرف اسجل نشاطي التجاري في الضرائب؟,Taxes,2
هعمل ايه علشان اعفاءات ضريبة القيمة المضافة على السلع؟,Taxes,2
ممكن حد يفهمني ضريبة الدخل بتتحسب ازاي للمهن الحرة؟,Taxes,2
عايز اعرف ازاي تجديد الرخصة بياخد وقت قد ايه؟,Traffic,3
هعمل ايه علشان اسجل نفسي في مصلحة الضرائب؟,Taxes,2
ينفع استخرج البطاقة الضريبية؟,Taxes,2
لو سمحت عايز اعرف ابدل بطاقة الرقم القومي بعد ما اتفقدت؟,Civil Affairs,0
ينفع رخصة القيادة بتاخد وقت قد ايه؟,Traffic,3
هعمل ايه علشان المستندات المطلوبة للقيد الفردي؟,Civil Affairs,0
انا تايه، عايز اعرف الكشف الطبي لرخصة القيادة بيتعمل فين؟,Traffic,3
انا تايه، عايز اعرف اترجم قسيمة الزواج رسمي؟,Personal Status,1
هعمل ايه علشان افسخ تسجيل عربية قديمة؟,Traffic,3
ممكن حد يفهمني رسوم القيد العائلي كام؟,Civil Affairs,0
ينفع اسجل حالة وفاة في الشئون المدنية؟,Civil Affairs,0
عايز اعرف المستندات المطلوبة لاستخراج شهادة الوفاة؟,Civil Affairs,0
هعمل ايه علشان اجدد رخصة عربية متأخرة من سنين؟,Traffic,3
فين اروح علشان اسجل مركبة مستوردة جديدة؟,Traffic,3
عايز اعرف ازاي اقسط ضريبة الدخل المستحقة عليا؟,Taxes,2
فين اروح علشان اقيد مولود جديد في السجل المدني؟,Civil Affairs,0
هعمل ايه علشان قسيمة الزواج بتاخد قد ايه؟,Personal Status,1
عايز اعرف ازاي اعدل بيانات غلط في قسيمة الزواج؟,Personal Status,1
عايز اعرف اعدل بيانات تسجيل المركبة؟,Traffic,3
لو سمحت عايز اعرف الحالة الاجتماعية في البطاقة بتتغير ازاي؟,Personal Status,1
انا تايه، عايز اعرف اعدل بيانات غلط في قسيمة الطلاق؟,Personal Status,1
انا تايه، عايز اعرف اجدد الرخصة لمركبة نقل؟,Traffic,3
لو سمحت عايز اعرف اجدد الرخصة لمركبة نقل؟,Traffic,3
انا محتاج اعترض على مخالفة مرور غلط؟,Traffic,3
ممكن تقولي ازاي انقل ملكية عربية لشخص تاني؟,Traffic,3
فين اروح علشان استخرج قسيمة طلاق اونلاين؟,Personal Status,1
هعمل ايه علشان استخرج قيد فردي اونلاين؟,Civil Affairs,0
ينفع اطلع قيد فردي لابني الصغير؟,Civil Affairs,0
عايز اعرف اقسط غرامة مخالفات المرور؟,Traffic,3
لو سمحت عايز اعرف اعترض على مخالفة مرور غلط؟,Traffic,3
ينفع اطلع بدل فاقد لقسيمة الطلاق؟,Personal Status,1
لو سمحت عايز اعرف اطلع ايصال دفع مخالفة مرور؟,Traffic,3
ممكن تقولي ازاي اطلع نسخة من اقرار ضريبي قديم؟,Taxes,2
ممكن تقولي ازاي المستندات المطلوبة لتسوية ضريبة الدخل؟,Taxes,2
لو سمحت عايز اعرف استخرج شهادة وفاة اونلاين؟,Civil Affairs,0
ينفع رسوم تسجيل المركبة كام؟,Traffic,3
ينفع اعدل الحالة الاجتماعية بعد وفاة الزوج؟,Personal Status,1
عايز اعرف المخالفة هتأثر على تجديد الرخصة ولا لأ؟,Traffic,3
فين اروح علشان اعدل بيانات غلط في قسيمة الزواج؟,Personal Status,1
انا تايه، عايز اعرف اقيد مولود جديد في السجل المدني؟,Civil Affairs,0
هعمل ايه علشان اعدل الحالة الاجتماعية اونلاين؟,Personal Status,1
فين اروح علشان اعرف اقرب مكتب سجل مدني لعمل البطاقة؟,Civil Affairs,0
عايز اعرف نسبة ضريبة القيمة المضافة كام؟,Taxes,2
لو سمحت عايز اعرف اعدل بيانات في القيد الفردي؟,Civil Affairs,0
لو سمحت عايز اعرف مخالفات المرور بتتحسب ازاي؟,Traffic,3
انا محتاج ضريبة الدخل بتتحسب ازاي للمهن الحرة؟,Taxes,2
ممكن تقولي ازاي رسوم توثيق عقد الجواز كام؟,Personal Status,1
انا محتاج اعدل بيانات في رخصة القيادة؟,Traffic,3
انا تايه، عايز اعرف استخرج قسيمة الزواج؟,Personal Status,1
عايز اعرف اطلع بدل فاقد لقسيمة الزواج؟,Personal Status,1
انا محتاج استعلم عن مخالفات المرور بتاعتي؟,Traffic,3
فين اروح علشان رسوم القيد العائلي كام؟,Civil Affairs,0
عايز اعرف ازاي احذف اسم من القيد العائلي؟,Civil Affairs,0
ممكن حد يفهمني اطلع شهادة ميلاد لشخص متوفي؟,Civil Affairs,0
انا تايه، عايز اعرف اطلع رخصة سيارة نقل تجاري؟,Traffic,3
عايز اعرف ازاي اعمل ايه لو فاتت مدة تسجيل المولود؟,Civil Affairs,0
ينفع اسجل المركبة اونلاين؟,Traffic,3
عايز اعرف ازاي انقل ملكية موتوسيكل ازاي؟,Traffic,3
ينفع اعدل بيانات في شهادة الميلاد؟,Civil Affairs,0
فين اروح علشان رسوم شهادة الوفاة كام؟,Civil Affairs,0
انا تايه، عايز اعرف تسجيل المركبة بياخد وقت قد ايه؟,Traffic,3
عايز اعرف ازاي المستندات المطلوبة للتسجيل في القيمة المضافة؟,Taxes,2
ممكن حد يفهمني اسجل حالة وفاة في الشئون المدنية؟,Civil Affairs,0
ممكن تقولي ازاي الكشف الطبي لرخصة القيادة بيتعمل فين؟,Traffic,3
فين اروح علشان اجدد رخصة القيادة بعد ما خلصت؟,Traffic,3
ممكن حد يفهمني افسخ تسجيل عربية قديمة؟,Traffic,3
عايز اعرف اقسط ضريبة الدخل المستحقة عليا؟,Taxes,2
ممكن حد يفهمني اجدد رخصة عربية متأخرة من سنين؟,Traffic,3
ممكن تقولي ازاي اطلع بدل فاقد للقيد العائلي؟,Civil Affairs,0
انا محتاج اطلع قيد فردي لابني الصغير؟,Civil Affairs,0
عايز اعرف ازاي استعلم عن مخالفات عربية مش عربيتي؟,Traffic,3
عايز اعرف اطلع بدل فاقد لشهادة الوفاة؟,Civil Affairs,0
فين اروح علشان غرامة تأخير تجديد الرخصة كام؟,Traffic,3
هعمل ايه علشان اعدل بيانات في رخصة القيادة؟,Traffic,3
ممكن حد يفهمني المستندات المطلوبة للتسجيل في القيمة المضافة؟,Taxes,2
ينفع شرايح ضريبة الدخل الحالية ايه؟,Taxes,2
فين اروح علشان اقسط ضريبة الدخل المستحقة عليا؟,Taxes,2
لو سمحت عايز اعرف المستندات المطلوبة لاستخراج القيد العائلي؟,Civil Affairs,0
ينفع شهادة الوفاة لازمة لايه بعد كده؟,Civil Affairs,0
انا تايه، عايز اعرف اعدل بيانات غلط في عقد الجواز؟,Personal Status,1
ممكن تقولي ازاي اعدل بيانات التسجيل الضريبي؟,Taxes,2
ممكن حد يفهمني رسوم توثيق الطلاق كام؟,Personal Status,1
لو سمحت عايز اعرف استعلم عن مخالفات المرور بتاعتي؟,Traffic,3
انا محتاج المستندات المطلوبة لاستخراج شهادة الوفاة؟,Civil Affairs,0
ممكن تقولي ازاي اجدد رخصة العربية اونلاين؟,Traffic,3
فين اروح علشان اسجل شركتي الجديدة ضريبيا؟,Taxes,2
هعمل ايه علشان رسوم رخصة السيارة كام؟,Traffic,3
ممكن حد يفهمني المستندات المطلوبة لقسيمة الزواج؟,Personal Status,1
انا محتاج استخرج القيد العائلي اونلاين؟,Civil Affairs,0
ممكن تقولي ازاي المستندات المطلوبة للتسجيل الضريبي؟,Taxes,2
ينفع المستندات المطلوبة لعمل بطاقة رقم قومي؟,Civil Affairs,0
انا محتاج اسجل شركتي الجديدة ضريبيا؟,Taxes,2
عايز اعرف ازاي اعدل بيانات غلط في قسيمة الطلاق؟,Personal Status,1
لو سمحت عايز اعرف اثبت حالتي الاجتماعية لجهة عمل؟,Personal Status,1
فين اروح علشان اعمل ايه لو فاتت مدة تسجيل المولود؟,Civil Affairs,0
عايز اعرف ازاي ضريبة الدخل بتتحسب ازاي للمهن الحرة؟,Taxes,2
عايز اعرف اقدم اقرار ضريبي صفري؟,Taxes,2
عايز اعرف ازاي اسجل عقد جواز عرفي؟,Personal Status,1
عايز اعرف اعدل بيانات في القيد الفردي؟,Civil Affairs,0
انا محتاج المستندات المطلوبة لقسيمة الزواج؟,Personal Status,1
انا تايه، عايز اعرف اطلع بدل فاقد لشهادة الوفاة؟,Civil Affairs,0
لو سمحت عايز اعرف شرايح ضريبة الدخل الحالية ايه؟,Taxes,2
ممكن تقولي ازاي اغير حالتي الاجتماعية من اعزب لمتجوز في الاوراق؟,Personal Status,1
ممكن تقولي ازاي اطلع بدل فاقد لقسيمة الطلاق؟,Personal Status,1
عايز اعرف ازاي اعدل الحالة الاجتماعية بعد وفاة الزوج؟,Personal Status,1
عايز اعرف اترجم قسيمة الزواج رسمي؟,Personal Status,1
ينفع المستندات المطلوبة للقيد الفردي؟,Civil Affairs,0
عايز اعرف ازاي المستندات المطلوبة للتسجيل الضريبي؟,Taxes,2
ينفع رسوم استخراج بطاقة الرقم القومي كام؟,Civil Affairs,0
انا محتاج اقدم اقرار ضريبي صفري؟,Taxes,2
هعمل ايه علشان اسجل نشاطي التجاري في الضرائب؟,Taxes,2
ممكن حد يفهمني المستندات المطلوبة لاستخراج القيد العائلي؟,Civil Affairs,0
عايز اعرف ازاي المستندات المطلوبة لقسيمة الطلاق؟,Personal Status,1
انا تايه، عايز اعرف اعدل اقرار القيمة المضافة بعد التقديم؟,Taxes,2
انا محتاج اعدل بيانات غلط في قسيمة الطلاق؟,Personal Status,1
ممكن تقولي ازاي قسيمة الطلاق هتلزمني في ايه بعد كده؟,Personal Status,1
لو سمحت عايز اعرف اسجل حالة وفاة في الشئون المدنية؟,Civil Affairs,0
عايز اعرف اعدل بيانات غلط في قسيمة الطلاق؟,Personal Status,1
انا تايه، عايز اعرف غرامة التأخير في سداد القيمة المضافة كام؟,Taxes,2
فين اروح علشان اجدد البطاقة الضريبية بعد ما خلصت؟,Taxes,2
ممكن تقولي ازاي اقدم على رخصة القيادة اونلاين؟,Traffic,3
ممكن تقولي ازاي رخصة القيادة بتاخد وقت قد ايه؟,Traffic,3
عايز اعرف ازاي اقدم اقرار القيمة المضافة الشهري؟,Taxes,2
لو سمحت عايز اعرف اعقد عقد جواز جديد؟,Personal Status,1
ينفع غرامة التأخير في سداد القيمة المضافة كام؟,Taxes,2
انا محتاج تجديد الرخصة بياخد وقت قد ايه؟,Traffic,3
هعمل ايه علشان اعدل بيانات خطأ في شهادة الوفاة؟,Civil Affairs,0
عايز اعرف ازاي اجدد رخصة القيادة قبل ما تخلص؟,Traffic,3
عايز اعرف ازاي استخرج شهادة ميلاد لابني؟,Civil Affairs,0
انا محتاج المستندات المطلوبة لتغيير الحالة الاجتماعية؟,Personal Status,1
انا محتاج القيد العائلي بياخد وقت قد ايه؟,Civil Affairs,0
عايز اعرف غرامة التأخير في سداد القيمة المضافة كام؟,Taxes,2
عايز اعرف ازاي مدة استخراج البطاقة القومي بتاخد قد ايه؟,Civil Affairs,0
انا تايه، عايز اعرف الحالة الاجتماعية في القيد مش مطابقة اعمل ايه؟,Personal Status,1
انا تايه، عايز اعرف اطلع بدل فاقد لقسيمة الزواج؟,Personal Status,1
لو سمحت عايز اعرف اقسط غرامة مخالفات المرور؟,Traffic,3
انا محتاج اسجل المركبة اونلاين؟,Traffic,3
عايز اعرف شروط اتمام عقد الزواج للمصريين في الخارج؟,Personal Status,1
ينفع اعفاءات ضريبة الدخل ايه هي؟,Taxes,2
لو سمحت عايز اعرف اوثق عقد جواز اونلاين؟,Personal Status,1
عايز اعرف المستندات المطلوبة للبطاقة الضريبية؟,Taxes,2
عايز اعرف مدة سقوط مخالفة المرور كام؟,Traffic,3
عايز اعرف ازاي المستندات المطلوبة لتسجيل المركبة؟,Traffic,3
انا محتاج اسجل حالة طلاق في المأذون؟,Personal Status,1
انا تايه، عايز اعرف اعدل الحالة الاجتماعية اونلاين؟,Personal Status,1
انا محتاج اطلع بدل فاقد للقيد الفردي؟,Civil Affairs,0
عايز اعرف رسوم رخصة السيارة كام؟,Traffic,3
ينفع اسجل شركتي الجديدة ضريبيا؟,Taxes,2
لو سمحت عايز اعرف افرق بين ضريبة الدخل والضريبة على الارباح؟,Taxes,2
انا تايه، عايز اعرف اسجل حالة وفاة في الشئون المدنية؟,Civil Affairs,0
ممكن حد يفهمني البطاقة الضريبية بتاخد قد ايه؟,Taxes,2
ممكن تقولي ازاي المستندات المطلوبة لقسيمة الطلاق؟,Personal Status,1
هعمل ايه علشان غرامة تأخير تجديد الرخصة كام؟,Traffic,3
هعمل ايه علشان رسوم قسيمة الطلاق كام؟,Personal Status,1
انا تايه، عايز اعرف اقدم على البطاقة القومي اونلاين؟,Civil Affairs,0
ممكن تقولي ازاي اترجم قسيمة الطلاق رسمي؟,Personal Status,1
هعمل ايه علشان المستندات المطلوبة للاقرار الضريبي؟,Taxes,2
فين اروح علشان رسوم التسجيل الضريبي كام؟,Taxes,2
فين اروح علشان اجدد الرخصة لمركبة نقل؟,Traffic,3
ممكن حد يفهمني اطلع بدل فاقد لرخصة القيادة؟,Traffic,3
عايز اعرف احول رخصة قيادة اجنبية لمصرية؟,Traffic,3
هعمل ايه علشان ابدل بطاقة الرقم القومي بعد ما اتفقدت؟,Civil Affairs,0
انا محتاج اطلع بدل فاقد لرخصة القيادة؟,Traffic,3
هعمل ايه علشان اعمل ايه لو عايز اطلق زوجتي المقيمة برا البلد؟,Personal Status,1
ممكن حد يفهمني اقيد مولود جديد في السجل المدني؟,Civil Affairs,0
ممكن تقولي ازاي استخرج رخصة سيارتي الجديدة؟,Traffic,3
عايز اعرف ازاي اقدم اقرار ضريبي صفري؟,Taxes,2
عايز اعرف اطلع بدل فاقد لرخصة القيادة؟,Traffic,3
ممكن تقولي ازاي اجدد الرخصة من غير كشف طبي ينفع؟,Traffic,3
ممكن تقولي ازاي استخرج رخصة قيادة جديدة؟,Traffic,3
عايز اعرف استخرج القيد العائلي اونلاين؟,Civil Affairs,0
انا تايه، عايز اعرف القيمة المضافة بتتحصل على ايه بالظبط؟,Taxes,2
عايز اعرف ازاي اطلع رخصة سيارة نقل تجاري؟,Traffic,3
عايز اعرف ازاي المستندات المطلوبة لشهادة الميلاد؟,Civil Affairs,0
هعمل ايه علشان اعقد عقد جواز جديد؟,Personal Status,1
لو سمحت عايز اعرف اسجل عقد جواز عرفي؟,Personal Status,1
انا محتاج غرامة التأخير في سداد القيمة المضافة كام؟,Taxes,2
هعمل ايه علشان التسجيل الضريبي بياخد وقت قد ايه؟,Taxes,2
ممكن حد يفهمني استخرج قسيمة زواج اونلاين؟,Personal Status,1
ينفع اجدد رخصة العربية اونلاين؟,Traffic,3
ممكن حد يفهمني اطلع بدل فاقد لشهادة الوفاة؟,Civil Affairs,0
عايز اعرف ازاي استعلم عن مخالفات المرور بتاعتي؟,Traffic,3
لو سمحت عايز اعرف تسجيل المركبة بياخد وقت قد ايه؟,Traffic,3
انا محتاج افرق القيد الفردي عن العائلي في ايه؟,Civil Affairs,0
ممكن تقولي ازاي المستندات المطلوبة لرخصة المركبة؟,Traffic,3
لو سمحت عايز اعرف استخرج قسيمة طلاق اونلاين؟,Personal Status,1
لو سمحت عايز اعرف استخرج قسيمة زواج اونلاين؟,Personal Status,1
لو سمحت عايز اعرف انقل ملكية موتوسيكل ازاي؟,Traffic,3
فين اروح علشان المستندات المطلوبة للتسجيل الضريبي؟,Taxes,2
فين اروح علشان البطاقة الضريبية محتاجها علشان اعمل ايه؟,Taxes,2
ينفع اعدل بيانات غلط في عقد الجواز؟,Personal Status,1
ينفع اسجل نفسي في مصلحة الضرائب؟,Taxes,2
عايز اعرف ازاي رسوم التسجيل الضريبي كام؟,Taxes,2
ينفع رسوم توثيق الطلاق كام؟,Personal Status,1
ممكن حد يفهمني اقدم على البطاقة القومي اونلاين؟,Civil Affairs,0
لو سمحت عايز اعرف قسيمة الزواج محتاجها علشان استخرج ايه بعد كده؟,Personal Status,1
انا تايه، عايز اعرف المستندات المطلوبة للقيد الفردي؟,Civil Affairs,0
انا محتاج اقدم الاقرار الضريبي السنوي؟,Taxes,2
فين اروح علشان اجدد رخصة القيادة قبل ما تخلص؟,Traffic,3
انا تايه، عايز اعرف قسيمة الطلاق هتلزمني في ايه بعد كده؟,Personal Status,1
لو سمحت عايز اعرف اجدد رخصة العربية بعد الانتهاء؟,Traffic,3
انا تايه، عايز اعرف اطلق مراتي رسمي ازاي؟,Personal Status,1
فين اروح علشان ادفع مخالفة المرور اونلاين؟,Traffic,3
عايز اعرف ازاي شهادة الميلاد المميكنة فرق ايه عن العادية؟,Civil Affairs,0
ممكن حد يفهمني استرد ضريبة دخل مخصومة زيادة؟,Taxes,2
هعمل ايه علشان اطلع بدل فاقد لعقد الجواز؟,Personal Status,1
ممكن تقولي ازاي اسجل عربية جديدة في المرور؟,Traffic,3
عايز اعرف ازاي رسوم القيد العائلي كام؟,Civil Affairs,0
انا تايه، عايز اعرف استخرج رخصة قيادة جديدة؟,Traffic,3
ممكن تقولي ازاي رسوم شهادة الوفاة كام؟,Civil Affairs,0
عايز اعرف اترجم قسيمة الطلاق رسمي؟,Personal Status,1
لو سمحت عايز اعرف غرامة تأخير الاقرار الضريبي كام؟,Taxes,2
ممكن تقولي ازاي رسوم تسجيل المركبة كام؟,Traffic,3
عايز اعرف اقدم اقرار القيمة المضافة الشهري؟,Taxes,2
ينفع اقدم طلب طلاق للمحكمة ازاي؟,Personal Status,1
عايز اعرف ازاي المستندات المطلوبة لقسيمة الزواج؟,Personal Status,1
لو سمحت عايز اعرف اجدد رخصة عربية متأخرة من سنين؟,Traffic,3
ممكن حد يفهمني اطلع نسخة من اقرار ضريبي قديم؟,Taxes,2
فين اروح علشان اطلع افادة طلاق رسمية؟,Personal Status,1
فين اروح علشان مدة سقوط مخالفة المرور كام؟,Traffic,3
ينفع اطلاق اجراءاته بتاخد قد ايه؟,Personal Status,1
عايز اعرف ازاي اقسط غرامة مخالفات المرور؟,Traffic,3
هعمل ايه علشان اجدد رخصة القيادة قبل ما تخلص؟,Traffic,3
ممكن تقولي ازاي قسيمة الزواج محتاجها علشان استخرج ايه بعد كده؟,Personal Status,1
انا تايه، عايز اعرف اطلع شهادة ميلاد كمبيوتر بدل الاول؟,Civil Affairs,0
عايز اعرف ازاي اعدل بيانات في رخصة القيادة؟,Traffic,3
انا محتاج اسجل عقد جواز عرفي؟,Personal Status,1
هعمل ايه علشان الاقرار الضريبي للشركات فرق ايه عن الافراد؟,Taxes,2
هعمل ايه علشان اقدم على رخصة القيادة اونلاين؟,Traffic,3
هعمل ايه علشان اعدل بيانات في شهادة الميلاد؟,Civil Affairs,0
فين اروح علشان اعدل بيانات في رخصة القيادة؟,Traffic,3
انا محتاج المستندات المطلوبة للاقرار الضريبي؟,Taxes,2
ينفع اعدل بيانات غلط في قسيمة الطلاق؟,Personal Status,1
عايز اعرف اعدل الحالة الاجتماعية بعد الطلاق؟,Personal Status,1
ينفع اطلع ايصال دفع مخالفة مرور؟,Traffic,3
هعمل ايه علشان اقدم الاقرار الضريبي السنوي؟,Taxes,2
لو سمحت عايز اعرف رسوم البطاقة الضريبية كام؟,Taxes,2
عايز اعرف ازاي اجدد رخصة العربية اونلاين؟,Traffic,3
عايز اعرف ازاي اطلع شهادة ميلاد كمبيوتر بدل الاول؟,Civil Affairs,0
ينفع استخرج شهادة وفاة لأبويا؟,Civil Affairs,0
لو سمحت عايز اعرف احسب ضريبة الدخل على مرتبي؟,Taxes,2
انا محتاج اعدل الحالة الاجتماعية بعد الطلاق؟,Personal Status,1
هعمل ايه علشان اعمل ايه لو فاتت مدة تسجيل المولود؟,Civil Affairs,0
ممكن حد يفهمني قسيمة الزواج محتاجها علشان استخرج ايه بعد كده؟,Personal Status,1
عايز اعرف ازاي اعمل ايه لو عايز اطلق زوجتي المقيمة برا البلد؟,Personal Status,1
هعمل ايه علشان اطلق مراتي رسمي ازاي؟,Personal Status,1
